id,teks,tanggal,sumber
f135b7dc-8e98-43c5-923d-e1742ff7d8e7,"gimana ya? game nya bagus sih standar tapi,lebih baik kayak dulu diffilculty nya bisa diatur agak susah soalnya ples,hero kayak kdm itukan udah kudapet pas aku keluar dan masuk kdm ku ilang sama perbaiki bodyguardnya dong mati sama pakde owi ku jir. overall ku dah tamat sih tapi beberapa bug harus diperbaiki sih kukasih bintang 4 dulu",8/15/2026 6:02,playstore
8a11dac5-9c93-48ea-8e3a-c3ff200d8bd2,Bagus sih. Cuman lawannya makin lama makin jago dan banyak tapi darahnya gak bisa ngisi lagi padahal level nya susah sama lawannya banyak. Mana levelnya dikit lagi cuman 9. Tapi walaupun gitu tapi tetap seru sih walaupun gak bisa lari.,2/28/2026 8:54,playstore
8672a955-03af-4b0c-bc5c-bb5ba7569083,"Gamenya sudah bagus dari segi grafik dan cerita, tapi untuk kontrol dan bug di perbaiki lagi, saya tidak nyaman dengan bug nya, apalagi jalannya lambat bgt. kontrol juga sangat lambat tidak sesuai pas ditekan agak delay dan kalo bisa gerakan nya diubah ke lari saja jangan jalan, soalnya lambat sekali",7/25/2025 19:39,playstore
1c343500-cac6-46d4-b0d1-b1d0aeb6a4a4,untuk game nya sudah bagus ya walaupun level nya sedikit kan aku udah kebuka semua orang nya tapi kenapa pas aku reloag lah kok semua nya jadi kekunci lagi cok tolong di perbaiki bug nya developer udah gitu saja saran dari ku sekian TERIMA KASIH 🙏,5/26/2026 5:57,playstore
3d3c74de-2687-4426-9510-8127546d5d90,"saran gw si, ni game bagus sebenernya, tapi tambahin fitur semacem dash yg bisa Dodge serangan musuh gitu bagus harusnya, di stage 3 aja gw kewalahan ngelawan musuh rame gitu, soalnya animasi serangan yg gabisa di cancel, ngebikin gw ditembakin Mulu Ampe mati",12/8/2025 10:20,playstore
442c0de6-1208-4a03-8c3e-c96915970338,"Game nya bagus banget, salut ama developer yg buat nih game beserta rekan² nya. Grafik animasi game nya puas, control nya sudah enak, dan karakternya tuh sudah nyaman dikendalikannya. Cuman, ada beberapa bug di permainan. Kek serangan kita tidak kena ke musuh, dan juga saat sudah memilih karakter. Kita pengen menekan ""start"", tiba tiba gamenya itu gk mau berubah sudut pandang kameranya. Masih di depan karakter, gk di samping gitu. Ya itu saja, thank you sudah membuat game ini👍😁",7/13/2021 2:32,playstore
54781cef-a72e-4420-935e-518ffc1560ff,"Bagus bang game nya dari karakter,stagenya, tempatnya juga bagus Tapi saran saya tambahin lagi bang karakter nya, terus juga skil dari karakter nya di bagusin lagi, sama bug nya kadang kadang ga bisa gerakin analog nya Udh sih itu aja selain itu biasa aja",7/27/2021 10:08,playstore
9fedbb70-ab9c-4cbc-b155-da3281cb49a4,"tolong kembalikan beberapa ciri khas dari game ini sebelum update besar, seperti nama nama boss yg unik, contohnya Heru Kelink, Maman, Ade Konde, dkk. Lalu dari mekaniknya lebih baik kembalikan seperti yg dulu, tidak ada kombo yg otomatis tapi itu yg membuatnya lebih menarik dan tidak monoton, kembalikan juga mekanik menghancurkan kotak dan barrel yg berisi senjata dan heal yg bisa digunakan, lalu ukuran map juga terlalu besar dan kamera terlalu jauh dari karakter lebih baik seperti yang dulu",8/6/2025 11:40,playstore
c8f06374-2c0a-4321-b3f4-6fdb22424fc6,"Bug tembus tembok, jalan di jalanan yang ada sedikit menanjak malah stuck dan harus lompat, dan masih banyak bug lainnya, gak ada health potion, ketika selesai nonton iklan 2 karakter spesial malah hilang jadi harus nonton lagi, tapi kelebihannya ramah hp kentang, tolong kembangkan dan perbaiki lagi, game yang sangat menarik, dan tambah lagi karakter ""busuk"" lainnya biar makin puas mukulin musuh rakyat",1/9/2021 21:05,playstore
d34a85fb-8ca3-4b5e-b018-489df83c993e,"Game nya sudah bagus cuma ada saran yg ingin saya sampaikan. 1. tambahin lagi karakter nya biar yg main gk bosen 2. tambahin pengaturan control nya agar pemain bisa mengatur tombol control sesuai keinginan nya 3. tambahin fitur upgrade char seperti kecepatan, kekuatan, daya tahan nya. itu saran saya, semoga game nya cepat di update biar yg main gk bosen.",5/23/2022 15:40,playstore
a72de39d-e5c9-4e7c-b517-5984cac8f0e5,Gamenya bagus.tapi aku kasih saran bang 1.karakternya ditambahin yg banyak agar gak bosen. 2.dikasih darah bang tapi didetik agar gak mati terus.3.jurusnya ditambahin.4. karakternya dikasih level biar tambah kuat bang.5.dikasih tombol lari agar bisa lari.itu saja bang 👍 gamenya bagus ko.yg kurang cuma itu doang makasih bg tolong di update👍,4/23/2021 4:21,playstore
889077fd-35c3-4daf-b78d-536493d7758e,"Benerin tuh analognya biar gak susah gerakinnya, terus suka ada bug nge freeze, tambahin karakter sama adain skin dong biar tambah keren macam skin plonga plongo:v + tambahin misinya biar lebih seru. Adain skill di setiap karakternya juga dong biar lebih keren misalnya skill ngutang dsb. Dah sih kalo menurut w sih segitu aja. Btw game ini makar sekali wkwk",7/27/2020 15:35,playstore
2ad8d5d0-32f1-4c75-bff4-2257cae30711,"Mantap banget gamenya, cuma yang kurang masalah tempatnya coba tempatnya diganti lebih aesthestic, dan karakter nya menurutku kurang coba tambahin TNI atau karakter pejabat lainya, dan dibuatin ceritanya sendiri gitu misalnya lawan koruptor, dah gitu aja sih yang kurang menurut gw, semoga gamenya rame dan semakin bagus",3/23/2022 13:12,playstore
93a7f1e2-1ed3-41f5-97a5-c1583d6fbed2,"Gameplay game ny baguss bnget, artikulasi tubuh ny ok, overall mntep bnget untuk dimainin ketika abis kuota. Kritik & saran saya hanya beberapa yaitu : 1. Karakter Pak Prabowo & Jokowi kalo bisa buy pake Score/pake Iklan nmun dibatasi smpai brp iklan. Misalnya 10/10 atau 5/5 2. Kadang pas lanjut ke lvl selanjutnya trus balik ke menu, terjadi bug start yg dimana tombol start gabisa dipencet, tpi udah diserang sama musuh jdiny dpt bug view TPP Front kek di Minecraft",7/7/2021 12:15,playstore
583fefba-3618-47f2-bc85-9ed8def48319,"Antara saat layar disentuh dan respon karakter terdapat jeda, sehingga dapat dikatakan kurang responsif. Harap kedepannya dapat ditingkatkan lagi agar lebih responsif antara button satu dengan yang lainnya sehingga tidak terjadi gap dan kepuasan pemain menjadi lebih meningkat lagi.",6/24/2021 14:40,playstore
f2778012-c888-4010-a2c3-4a10ee73ee9f,"Oke langsung ke intinya: tambahin tombol sprint, tambahin tombol grab senjata agar kalo mau mukul pas deket senjata.. senjatanya ga ke ambil karna kalo mau mukul malah ngambil senjata itu males banget sumpah, lalu tambahin skill fighting masing masing karakter agar gak monoton. Proud dgn game buatan ank bangsa🇮🇩👍 Edit: oiya kalo bisa Adain fitur regen atau ikon nyawa nya lambang hati terus warnanya agak cerah soalnya kalo mau mungut nyawa selalu gak keliatan karna arenanya gelap ditambah",8/30/2021 0:53,playstore
28ffb645-9854-47de-8d3b-3623db62a424,"Game buatan indo memang kocak😂,beda dari yang lain,,btw menurut gue gamenya udah bagus banget & gue sangat terhibur apalagi pas liat musuhnya goyang tiktok saat dilempari bom🤣🤣,,sumpah ngakak,,cuman karakternya tambahin lagi dong nanti🙏🙏 dan juga levelnya masa cuman sampai level 7",8/7/2021 18:41,playstore
c29c2709-470f-4216-864a-f44b472fc43d,"Game ny bagus ,grafik ny lumayan ,cuman yang perlu ditambahkan fitur lari si player , soalny kalo jalan itu lambat bnget ,dan kalo bisa ditambahkan karakter lain ,agar makin seru ,dah itu aj..🙏",4/26/2022 8:25,playstore
9b82c7a0-2964-4188-a02d-4927879617ae,"Game ini sungguh bagus. Tapi masih ada bug yg mengganggu saya dalam game ini. Dan saya juga udah mainin game ini sampai tamat. Cara ngalahin musuhnya juga cukup tricky, yaitu dengan lompat dan tendang. Wow saya bangga sekali kalo game ini dikembangkan. Salam nasionalisme.",7/4/2021 12:42,playstore
22f5ed00-bc4e-4389-a866-9bcf2e8519b8,"Dari segi grafik ok lah, di map ada sedikit bug. Saran : kontroller bisa di custom, char baru, banyakin animasi, checkpoint, level di perpanjang.",5/10/2021 12:58,playstore
86572719-3525-4051-9494-d0ba047e9ee9,"Ini game keren banget, cuma gua main nya cupu. Kalah mulu padahal dah di level paling gampang, di game ini ada heal healan gak sih? Kalo bisa di adain soalnya susah banget, musuhnya banyak macam irl AHAHAHAHA. Semangat!",6/19/2021 8:49,playstore
29ddfa34-40a8-4613-a3fb-2077af02aa85,"Gamenya bagus hanya dibiasakan update sesering mungkin. Tingkatkan aja pembuatan gamenya, anggap saja yg ngeluh tentang bug dan lain sebagainya jadi bahan pelajaran aja untuk tidak salah di kedepannya. Semangat !!",8/12/2020 16:06,playstore
76178084-a0b2-484c-9f7e-1376b4227d80,"Bagus gamenya, tapi terkadang saat di setel ke grafik yang very high tapi entah kenapa bayangannya tiba tiba menghilang. Mohon di perbarui kedepannya.",7/26/2021 17:00,playstore
e7674426-0655-4ce0-98b9-a43ab5c59706,"Bagus banget , coba ditambah karakter nya , tempat nya, terus coba di tambah cerita disetiap stagenya mungkin kayak gitu aja tapi yang pasti tolong di kembangkan lagi terimakasih.",6/22/2021 8:06,playstore
c580f1f1-44ff-4dcc-84fe-dd75d1d02dab,"Game nya bagus, cma ada sedikit saran dari saya, Latar belakang nya akan lebih bagus kalau bertepatkn di indonesia/jakarta, dan untuk Sound efek nya ditambah kn karena itu yg bikin lucu dan menarik di game ini.",1/30/2021 11:56,playstore
9661142a-9037-4cb1-8a75-28d43a7168ae,"Bagus sih permainannya tapi ada banyak bug. Seperti bug pas mau ngalahin si oyenk, kan pas itu udah yang terakhir pasukannya mau udah habis dan darahnya mau habis, lalu si oyenk lari lari tapi malah diam ga jelas di ujung dan ga bisa di serang di bom juga gak mempan Tolong developer di perbaikin semua bugnya 🗿🗿🗿🗿🗿🗿🗿🗿🗿🗿🗿🗿🗿🗿🗿🗿🗿🗿🗿🗿🗿🗿🗿🗿🗿🗿🗿🗿🗿🗿🗿🗿🗿🗿",8/29/2021 2:00,playstore
87b819bc-dab3-48e4-9100-1e48769a36d8,"Mantap dah pokoknya. Klo bisa ditambahin karakter banteng mengseram dijamin tambah seru. Bawaannya jd sering laper karna sangking semangatnya main ini game. Kebetulan ada tukang bakso didepan rumah, mungkin cukup seg",5/25/2021 6:17,playstore
90ead338-c3aa-487d-8c47-f2e90a9f8e5f,"Game yang bagus untuk grafik game ini sudah keren dan jarang jarang ada game fighting buatan Indonesia jadi menurut saya game ini keren,mayat musuh nya juga kalo mati gak hilang jadi game nya tambah realistis lagi",4/22/2022 10:22,playstore
fea77106-54ec-4c9b-b2ca-928362c29ef2,"Game nya seru sumpah , tapi Kok levelnya cuma 5? Update lagi level nya sampai banyak , dan kalo bisa update game nya bisa untuk ditamatin dan happy ending :) , suport selalu kreator indonesia ❤️",4/30/2021 15:42,playstore
79b0678d-af22-426b-a07b-33601463aa99,"Saya memainkan game ini karena terlihat unik dan sang developer mempunyai jiwa nasionalisme yang cukup tinggi, tetapi game ini cukup sulit dimainkan saya rasa butuh banyak perbaikan agar game dapat mudah dimainkan oleh banyak kalangan usia. Saya akan undang bapak Jokowi agar dapat mabar dengan saya, terlebih untuk para tukang bakso sangat disarankan untuk memainkan game ini. Thank You RioGames good luck 👍👏",6/29/2021 3:27,playstore
fc6c0823-4885-4342-94e3-d619f0a7df50,"Grafik nya bagus, gameplay juga gampang, sangat ramah untuk hp kentang. Saran saya tambahin karakter baru, yaitu Lord Luhut, serta MegawaTzy.",9/10/2022 10:11,playstore
8200d56e-fe7d-4aef-a6f8-8a832ca9aa40,"LMAO PISAN KANG 🤓🤓🤓🤓🤓🤓🤓🤓🤓🤓🤓🤓, sedikit saran dari gwejh, bisa bebas pilih/ambil senjata dari lawan yang udah mati, harga pakde jokowinya mahal banget kalo bisa diturunin hargannya, terus darahnya boros banget dan tiba2 berkurang sendiri padahal nggk ada yang ngelawan, sama tambahin karakter Megawati sama puan🗿🗿🗿🗿🗿🗿🗿, dah itu aja, terima kasih telah membuat game ini. Semoga luwh sehat selalu🤓🤓🤓🤓🤓🤓🤓🤓🤓🤓🤓🤓🤓🤓",10/3/2022 13:02,playstore
ce85fc92-b7c7-43a1-9959-2fe6ec1b153e,"Ini review saya setelah bermain sampai level 2, gamenya bagus cuma musuhnya terlalu bar bar di level 1, hitbox nya juga betulin , soalnya pukulan susah dikenainnya, overall bagus buat ukuran game makar",8/11/2020 14:33,playstore
b6a566e1-0c3e-4de5-8ecf-06c9cab16b5e,Gamenya bagus banget ada susah ada gampangnya keren pokoknya. Tapi levelnya masih dikit diupdate lagi gamenya level nya banyakkin karakternya tambahin powerupnya juga ditambah itu aja sih semoga diupdate besar2an,6/9/2023 8:41,playstore
24b7348d-9840-43e5-afaa-1ddb78d77da2,Kok qku gak bisa nonton iklan untuk dapetin karakter nya untuk admin bisa diperbaiki gak,6/23/2026 4:50,playstore
a3d6d667-3d69-469e-a4fd-2c941ebe6dcc,Kalau bisa tambahkan fitur pvp dan karakter memiliki finishing move juga karakter mohon diperbanyak juga style bertarungnya seperti silat karate kungfu dan sebagainya,1/3/2020 13:31,playstore
4457adf1-76cf-40de-b01f-ef764b0446ac,"tolong updatean selanjutnya dibenerin bug nya, analog udah gerak tapi karakter jalan ditempat+ animasi gerakan kurangin pas selesai muku#lin orang gaya muternya lama, nambah nambahin level tapi demeg ma hp gaada rasa sama sekali, sampe bosen main game ulang ulang terus buat ngumpulin uang, eh malah gada rasa",7/21/2025 9:28,playstore
b0235512-7d9d-43bd-b41e-333afc97c0a3,Secara umum gamenya seru tapi ada yang kurang yaitu karakternya dibanyakin buat tambah seru kalau sudah ada saya tambahin bintang lagi semoga game ini bisa berkembang dan lebih baik lagi amin...,6/7/2020 2:44,playstore
02bda590-5452-4af1-b0c4-ceb5d39cf1d4,"Gw udah selesaikan semua level, levelnya kurang banyak tambahin lah levelnya gamenya seru dan bagus tapi levelnya kok cuman 9 sama tambahin final boss kek atau apa kurang menantang",12/18/2025 5:20,playstore
b61f38b9-7df1-4801-ae92-9c9119f8cfb3,Wah wah wah mantap gamenya bagus saya sangat suka tapi tolong ditambah lagi karakternya dan ditambah lagi senjatanya terima kasih semoga sukses dan sehat selalu. Aamin.,12/29/2020 13:30,playstore
c3ff375d-7b88-45f2-bc14-32b613d4fc0a,"Bagus, tapi kalo bisa pas musuhnya kelempar kebelakang masih bisa dipukul biar bisa combo kayak dmc, kan gokil sama juga bisa combo aerial juga pas lagi di udara mwehehehehe",12/6/2025 17:16,playstore
c1688b16-622e-47cc-9edc-cfa27f51b920,"Gamer nya seruu sih..cuman nyawanya dikit truss lawan nnya gk SE imbang,, karakter paling bagus menurut gue sih..ya pak Prabowo dan Ahok,, tolong min di tingkat kan lagi level nnya",6/21/2021 11:21,playstore
59880486-1d10-411a-aa3a-4cc9f941aa76,Gamenya bagus grafiknya juga udah bagus tapi tolong tambahin level nya karena saya bosan level nya itu itu saja dan tambahin karakternya biar makin seru,12/20/2021 23:12,playstore
75a6caae-0931-4378-8198-6e4a696390ee,"Wkkwk bagus gamenya, tambahin skill2 karakter, masa skill darah berkurang? Terus tambahin karakter2 baru lagi, atau lawan boss kek, pokoknya bagus ini game",1/18/2020 13:12,playstore
d52617ad-c616-4c44-9303-dfb946a78828,Buset pak prabowo sekali tinju udah kayak aldous 500 stak. Saran saya kepada developer game ini tolong karakter nya ditambah lagi dan levelnya ditambah lagi. Tapi gamenya udah bagus kok,12/18/2020 9:34,playstore
3dbc4000-1f3b-49af-a62f-e48a7f4074a4,"Ini Game Sih Bagus Ya Dri Segi Gameplay, Grafis Ya Lumayanlah ya tpi susahnya harus ulang dri awal ama bug nya anjir gw masuk ke ruangan gitu lurus eh malah Jatoh kebawah langsung item, tpi seru",6/21/2021 13:08,playstore
4e6485ca-c155-4ac7-a673-2f0123dd23f9,gamenya bagus dan seru banget tapi masih ada bug dimana musuhnya ga bisa dipukul.Tolong diperbaiki lagi bugnya terimakasih 🙏,9/15/2021 12:01,playstore
1f041bd2-bc94-451c-8b48-f08a8de98d06,"Gameplay lucu+bagus Tapi butuh banyak perbaikan. HP gw ram 3 gb buat main COD kuat, tapi main game ini ngelag Semoga update kedepan ada perbaikan.",1/3/2020 13:57,playstore
53b807c3-4c37-47fb-8bde-d170c05af8b8,"Baru main sehari dah tamat dan bosen,ini mah game perang geng,bukan petualangan,kalo petualangan pergi pergi gitu ke desa2 atau ketempat lain,lah ini satu tempat,ga sesuai ekspektasi,tapi bintang 5",2/9/2022 14:37,playstore
606ff423-865c-4857-90c4-e88ede75586f,"Gamenya bagus Dan seru tapi saya mohon update seperti penambahan karakter contoh megawati,soeharto,dll dan grafik sama texturenya ditingkatkan lagi biar enak diliat :) udah si gitu aja :)",6/29/2021 2:19,playstore
9a5f6fbe-8d4e-4a21-a1e6-5d6dece6e3d4,"Wah GG bro gamenya saran bro tambahin fitur boss, multiplayer , duel, survival atau time mode biar seru, menu pas maen ada pengaturan bisa restart level, ada restart checkpoint juga, dan kalau kalah ngulanginnya jangan pilih karakter dong bro tapi ke levelnya langsung senjatanya bro sama karakternya tambahin lebih banyak level juga bro Gue tunggu bro update selanjutnya bro 👍👍",8/9/2021 10:39,playstore
6879dbbe-48b1-4fbe-ab42-01d88684d3e6,"Game nya seru tapi cukup disayangkan kenapa pas mau mukul para penjahatnya itu damage yang diberikan sangat sedikit.. sedangkan penjahanya lebih dari satu:) btw udh sampe sini dulu yah review nya soalnya didepan ada tukang bakso, batagor, dan mamang cendol mau beli dulu.. laper nih. Wkwk",7/4/2021 1:25,playstore
728716a1-be08-43b4-b4e5-27f77fe406b9,Game nya bagus tapi nyawanya sedikit apalagi musuh nya banyak masak ambil pedang pedangnya lepas sih semoga kedepannya bisa di update lagi :),6/24/2021 2:16,playstore
2acf4b26-43fb-4298-85bd-f68eee669797,dari segi game play bagus tapi ada yang kurang kaya misalnya musuh pake senjata nah pas dia mati bisa diambil harusnya ya gitu aja sih dari aku anak kucai,4/8/2025 3:46,playstore
0c967b5d-4f6c-4e49-9162-ea5c4d4c538f,game nya seru tapi saat kita serang lawan nya Langsung tiduran jadi susah habisin darahnya kalo yang bos pas nyerang dikit dikit tiduran jadi tolong ubah agar tidak begitu,3/18/2026 3:29,playstore
3b9ccded-ba62-4eda-b48b-b1829b5503ab,Bagus game nya tapi Ada sedikit bug dimana Di stage akhir Padahal boss nya darah nya udh tipis banget tapi kok gak bisa Di hit lagi ya? Tolong dong Di perbaikin game nya,9/25/2021 0:48,playstore
1824674b-6dd6-4cdb-8657-05621ab47e64,Helo Developer pembuat game petualangan Jokowi 🙏🏻1 Kenapa kita dikasih senjata biasa saja sedangkan bos yang pakai kacamata hitam sedangkan dia pakai tongkat bola bisbol Apakah itu curang? :)2 kenapa Bos yang pakai kacamata hitam itu penambahan darahnya cepet banget 3 kalo dia kabur saya tembak atu pakai pisau atu Katana itu tembus Apa itu diluar Nalar🤔 udah itu dari saya sebenarnya Gem anda bagus tapi banyak kekurangannya,3/29/2023 15:32,playstore
ff257aa2-56ec-4556-8426-f152bce787cf,"Lumayan, tapi ada bagusnya kalo musuhnya itu para koruptor. Terus tambahin mode misi story. Terus kembangkan game makar ini",8/29/2020 17:50,playstore
375276f3-a3ad-4c19-8484-758b4ebdf836,Menurut saya bagus dan grafik nya keren tetapi kok misi nya bentaran banget karakter juga di tambahkan,2/20/2020 12:14,playstore
25d73575-8c6e-487e-aa55-5edc570e6f52,"game nya cukup asik dan kocak sih, cuma jalannya jgn lambat bgt trs kalo bisa kasih tutorial gitu jd tau fungsi tombol nya",7/31/2022 13:44,playstore
7f9da90b-eac5-425e-9358-2589c468b589,"game nya simple, tapi bikin nagih sumpah tapi aku gak nemu tombol pause dan ternyata ngepause nya pake tombol setting dong🗿",1/21/2026 14:43,playstore
0ef1fde2-b548-455d-99bb-547e3028422d,coba perbaiki gamenya. karna kalo saya sudah dapat karakter dari nonton iklan terus saya kembali karakter saya hilang harus nonton iklan lagi,4/1/2026 9:30,playstore
b1a41213-c9e4-471b-b9f3-f98bb4f6bea2,"Hello perkenalkan saya cherry. saya mencoba memainkan game ini. overall game ini saya rating 9.5/10 tapi saya kasi bintang 5,game ini lumayan seru untuk di mainkan,tetapi ada banyak bug,tolong segara di perbaiki ya,saya suka memainkan game ini dan sangat menghibur saya dan membuat saya tertawa,saya juga merekam dan memainkan game ini. walaupun saya kasi short cut di vid nya. mungkin kapan kapan saya akan post,terima kasih game ini walau bikin saya cape tapi giving me joy gitu paham lah ya,thx !",12/28/2022 11:40,playstore
68627745-dd8c-44c6-b693-2a1a2fdff488,"Mantullll buat game nya, ane udh nyoba, dan experience nya bagus bgtt cma klo bisa min tambahin Kegiatannya selain pukul memukul sama karakternya ditambah lgi",12/10/2020 4:27,playstore
d159ee3c-dd3a-4625-902c-98634a3e1d60,"Entah yg saya temuin ini bug atau bukan, kadang2 klo luru k atas malah nembus tembok trus layar jd hitam semua, dan jg kadang saat jalan malah tiba2 kaku gk bsa gerak jd rada nyusahin saat d kempung. Itu ajh pendapat saya, mohon d kembangkan lg.",7/22/2020 9:04,playstore
d59594a5-9c3d-442d-a55b-aea9bf73983a,"Gamenya bagus tapi, burik ,levelnya sedikit,karakternya sedikit,kalau mau guna karakter jokowi, prabowo harus tonton video kalau sudah tonton video dan karaktenya terbuka game kamu keluarin dan masuk lagi jokowi prabowo tidak bisa dibuka dan harus tonton video lagi,dan suaranya karaktenya tidak sama klo gak percaya dongload game ini dan dengarkan suara karakternya ok👌👌👌 kalo suka coblos( ya)............ dibawah ini👇",3/17/2021 16:18,playstore
3e4e550a-1951-4e09-b83a-0ec8cfd4cf98,"Game yang bagus, tapi kalau bisa di kembangkan lagi makin banyak karakter2nya.",8/1/2022 12:49,playstore
8c82b6ba-e545-4c8e-8590-78b7b2914a4f,"Bagus si. Cuman coba di kasih story , namanya kan petualangan jokowi ya, masa gaada ceritanya. Terus kalo bisa dibagusin lagi gameplaynya biar ga terlalu kaku. Makasii😁.",1/2/2022 15:57,playstore
44a543a6-c80d-4f9b-bf8f-1fecfee5746e,"Segi game bagus, karya anak bangsa harus di apresiasin dan terus di kembangkan, bagus walau ada beberapa bug",2/17/2024 15:25,playstore
5c008824-4794-45cd-bba8-acd04f8b16af,game nya seru tapi karakternya kurang banyak coba tambahin lagi kaya bahlil dll pasti keren dan tambahin lagi musuh nya kaya ambaruwo dlm,11/1/2025 15:34,playstore
643d916a-4449-4b70-b334-1a5d8566aef2,Wih game nya bagus banget!!!! Oh..iya aku ada saran nih kalo masih update game nya tolong kasih: 1. Tombol lari. 2. Kasih karakter Pak Soekarno. Itu aja sih menurut ku,5/15/2021 14:14,playstore
94326b69-7d41-47be-b9ca-3599d25863f0,masih banyak banget bug nya tpi gameplay nya seru,7/18/2026 1:32,playstore
5b5767b4-5770-458a-bfab-1f0874dd7b99,Game nya keren.seolah2 sy menjadi bpk jokowi yg sedang berkelana didunia fantasik melewati rintangan² yg sulit.saran saya tolong ditambahi lagi yang ada anggota bantengnya ya minn developer,6/21/2021 7:42,playstore
8d15324f-7b98-4176-a6b9-1f1f38b790ea,gamenya bagus lebih dari petualangan game sebelah yang lebih banyak bug nya tingkatkan lagi game ini dan tambah lagi characternya dan juga skill nya yg lebih op,7/27/2025 6:29,playstore
21d98226-9a5b-40b8-bfbf-e324342a6de0,"Mantap bg,saran tambahkan level lagi dan karakter baru ,tadi ada sedikit bug yaitu tembus ke lantai di map terakhir tolong di perbaiki , terimakasih",6/5/2022 0:40,playstore
17652a37-26d2-4878-96f5-49868c5d74c3,"Game nya seru.... Tapi dibuatin checkpoint atau medkit, gitu karena musuhnya kroyokan & mainnya pun gak ada support",5/24/2021 8:44,playstore
9426998c-36d4-47ad-a3d0-0a55e5ddc9f8,"Jujur sj saya tdk merasakan unsur jokowi darimanapun selain skin nya....Tapi overall game sangat asik dan tidak ada reward/iklan yg mengganggu....Saran sy sih mgkin di last stage ada semacam hadiah upacara penobatan presiden stelah memusnahkan teroris.....Sekian trimxs,,🙏🙏 Terus semangat developer,,💪💪🔥🔥🙏🙏🤲🤲",7/24/2025 10:21,playstore
3221c5ae-3372-4042-95b6-4b07ec75b8a7,"Di Game nya Kasih Senjata Berskin Tapi Harus bayar grafik nya juga bagusin biar ada dana, kan sayang banget kalo di hentiin game nya soalnya banyak yang suka",5/12/2021 14:53,playstore
f148bcb2-d806-45b6-8e01-986785a0f68c,keren Banget game nya gokil abis saran Tambahkan Skin PSHT biar tambah rame ini game nya yang mainin dah segitu aja. Terimakasih sudah buat game bagus banget !,8/3/2025 11:56,playstore
34ff3f61-18e4-4b95-b2f8-f4950b01bf47,"untuk mekanisme gamenya sangat keren & gokil, saran saya tolong tambahkan karakter : Bahlil, Luhut, Gibran, Natalius Pigai, Kaesang, sambo, sri Mulyani, Nasution.. dan tolong tambahkan elemen disetiap karakter, contohnya: bahlil memiliki elemen (Tambang) bisa mengeluarkan emas, batu bara, DLLNYA, seperti Gibran bisa berubah menjadi Robot AI, Seperti Luhut bisa mengeluarkan listrik, seperti Natalius Pigai menjadi Ambaruwoe Hytam",7/27/2025 2:18,playstore
9398e5c9-2903-4aed-8ed5-e09edc77e2bd,"Mantap game nya😂,game nya asik koh,tapi boleh ngga player nya di tambahin kaya dari kalangan artis,dan lain lainya.matur suwun segitu saja",8/11/2021 13:25,playstore
9d26c64f-6747-42ae-91fb-67d3be4cddbd,Kepada developer tolong tambahin karakter nya jika ditambah pasti keren banget gan satu lagi tolong baguskan grafik nya,3/6/2021 12:46,playstore
9f093b8f-a7b7-4dfa-b667-6c82149203ad,game sangat.... . buat dev untuk update kedepan kasih karakter baru bapak ma'ruf amin dan kasih skill diem tapi mematikan,1/22/2025 17:34,playstore
64a1bb58-00b8-42fc-add6-ceffa5af7c0c,Waaw game nya. tinggal ditambah kan upgrade dan senjata lainya kerena musuhnya susah banget matinya,4/25/2022 11:00,playstore
dcb76148-aa74-4218-8ea3-76b87938703c,"Gameplay dan karakter bagus tetapi kenapa tidak ada setting, Tolong diupgrade lagi oke 👌. Sekian terima kasih",6/5/2022 12:41,playstore
364abd28-0347-48cc-bb31-179d346e32ec,"Bagus sih gua suka, cuman kalau boleh dtambahin efek healingnya, di mode normal level 1 aja gua udah kewalahan wkwkwk",6/22/2021 10:35,playstore
634a8a10-2910-4aa0-94bf-4442e5058b3c,"Keren bang sangat menginspirasi sekali bang, aku juga jadi pengen di bagian developer game ini, tapi ngomong2 bang lu ga takut di bounty?",10/6/2021 17:20,playstore
2c0b0ff2-6cd3-4578-9644-c98bb5e067fc,"Menurut ulasan ulasan yang saya bagus, dan saya sangat suka game nya dan kalo bisa di tambahin karakter yang lain nya min, ini saya lagi ndownload mweheheh",6/20/2021 13:43,playstore
84e043d4-fb3f-4c67-ada0-c4da022b3d40,"Overall bagus, tpi saat melawan heru keling malah nge bug, heru keling nya gk bisa di kalahkan, darah nya kgk berkurang, pdhl sisa 1 hit lgi udh menang, tolong di perbaiki",10/7/2021 4:48,playstore
6e22f0d7-4c30-4b1a-b469-220ed2540b6a,"GRESIK Mendukung 😌Game nya bagus , Grafiknya juga Alhamdulillah HD +3D banget.lanjutkan mas ,,selalu update yang terbaik.......gk install nyesel koen !",7/22/2021 10:35,playstore
9d262446-3f77-4582-9fa9-90a4ba09ca4c,"game yang sangat bagus, kualitas nya melebihi flim karya anak bangsa terbaru, indonesia one for all",8/10/2025 7:08,playstore
c337a8dc-d778-4d53-b8de-55e2dd6e99ca,"seru banget gamenya walapun simpel👍👍 tapi hd in dikit lagi grafiknya, selebihnya udah bagus kata aku",12/25/2025 9:41,playstore
7d74d50c-71da-4441-9e29-2b383d46ed02,"Tolong bug kameranya dibenarin,dan tolong tambahkan efek soundnya biar seru plisss!!!!!!!!!",7/31/2021 0:19,playstore
3f3a125c-0d9f-46f7-bec3-e64e968872be,"Game nya udah bagus, tapi kalo bisa tambahin fitur ngutang sama korupsi biar seru. sama tambahin karakter luhut juga",5/20/2022 13:44,playstore
65ba6c18-513d-4ae3-962b-86b911b2e576,"Tambahin Soeharto, skill nya bisa menembak secara misterius dan juga membuat lawan menghilang",6/3/2021 10:01,playstore
abb54f69-89eb-4c5d-9e89-789df79d18e1,"Menurutku sih ini game untuk orang yang sering bosan ya, karena aku main game ini saat aku bosan dan akhirnya aku sudah tidak bosan lagi karena game ini, game the best deh. Aku memberi bintang 5 di game ini karena aku belom mencobanya, hehe",3/28/2022 11:19,playstore
1cb523ae-18ea-4101-acff-5a3fffb40b72,"Ngebug pas level heru keling Tolong diperbaiki dong, game nya sudah bagus padal Request karakter bu megaW dong",9/23/2021 5:23,playstore
47ad0c42-7a2e-419c-ac78-dc835d8f1f69,game nya bagus saya suka tidak ada bug dan game nya mantap 😁,5/20/2026 14:02,playstore
69cf89f9-b960-49b4-9508-26e7b5c2d0d4,Game ini bagus sekali aku dan mamaku selalu memainkan bersama dan aku sering bertengkar dengan adik aku tapi itu tidak masalah karena game ini sangat bagus dan menggemaskan,5/31/2021 22:27,playstore
0fd1f7e2-bfa7-413c-ba50-82518766a2ee,"Game curang baru main langsung diserbu musuh banyak mana pada bawa senjata api, btw ini developer pendukung Jokowi kayanya",7/16/2022 9:27,playstore
6cad5aed-7d8b-44c1-b776-63a742c690a1,Kalau perlu di update lebih keren animasi Krakter nya Lebih lentur Sama tempat nya di perluas dan tambahin M KECE BIAR GUA PUAS BANTAI TU ORANG WKWKWKKWK,8/25/2021 8:40,playstore
80e7ff17-a727-4e77-8888-3b2b9e965cd3,"Bad movement. Detailnya masih ke kanak2an dan terlalu lebay. Seperti musuh dg nama ""tukang nyinyir, haters dll"". Alur ceritanya ga ada pdhl konsepnya udh mateng.",8/8/2020 18:36,playstore
b88d1f13-23c6-4cbf-974c-79e94a280d15,"Game ini sangat berkelas, kayak duta kelas tapi kurang seru karena gak bisa mencoba next level",8/12/2022 7:14,playstore
d52181a4-b5d4-4b02-b560-992f2051f94c,Good teruska bujang game ini sangat seru dengan size yg kecil tapi sanggat keren teruska karna jiwa bujang penganguran terus berdebar di hati salam dari bandung,4/27/2022 22:01,playstore
097e60a6-89bf-4169-8e31-125ed833070d,"Gerakan masih agak kaku, gak ada tombol ganti senjata, tambahin fitur lock musuh biar enak",1/2/2022 16:04,playstore
926ab715-da6a-4b11-9e55-6a815096b4c1,"Nama gamenya bisa di ubah lagi mint Jadi Petualangan Nyentrik Jokowi Tambahin skill stand kek jojo, biar lebih manteeeep Kalo bisa ada plot-twist nya tiap2 karakter xixixi",7/23/2020 15:36,playstore
85562b55-5d4e-4bd7-8d06-8f2e8d87795b,"Gamenya seru,cuma klou bisa pergerakan atau larinya ada pilihan cepatnya,dan ada pilihan tambahan nyawa atau energi gitu",9/16/2020 5:58,playstore
c292639e-a955-4847-8d33-5ed405d321a0,game nya sangat seru apalagi pria solo dan pria sawit OP banget tapi agak di tingkatin grafiknya ya,2/19/2026 11:37,playstore
84efcf0f-7e63-49f4-aed1-96b6a0e22107,mantap game nya bagus tapi jelek soal nya kurang karakter bagus tapi pantes darah suka ngurang soalnya pada jadi koruptor,4/27/2026 13:31,playstore
ac252413-52ac-4ad7-8d93-5afeed08cf5d,gokil nih game bagus cuy cuman saran aja tambahin kekuatan' soalnya lumayan bosen juga kalo cuman lawan orang pake tinju doang,5/1/2026 6:28,playstore
adf0a19f-2bad-4df3-b741-87323f05d894,bagus gamenya tapi karakter ndk bisa dibeli pake iklan,3/9/2026 11:26,playstore
05ef447c-fe14-4a4a-b842-a43460d655fe,"game nya lumayan bagus, kebetulan saya habis dari tembok retapan solo, setelah pulang dari situ, saya langsung donlot gim ini dan sudah memainkanya 2 kali sehari sehabis sholat shubu dan maghrib dan semoga terus konsisten, semoga saya dapat karomah sekeluarga dari yth bapak hj. ir. joko widodo",2/19/2026 12:02,playstore
7d016cd9-1891-4c5d-91a3-048e4d38a417,"ah terlalu gampang, tapi gpp lumayan bagus dan aku ngakak pas pake Jokowi terus nyerang nya ada yang pake sniper 🤣🤣",3/2/2026 10:10,playstore
f0d6ecff-fa4e-443a-ab80-509452a79689,"Bagus sekali game nya,grafik hd, kekurangan nya banyak iklan ☹️",7/29/2022 5:41,playstore
db7fad36-eb9f-47db-8030-0e11d01fefbd,game nya seru sekali tapi bagaimana Cara membuka karakter jokowi?? Dan Lain-lain??? (Bintang 5),6/12/2026 10:47,playstore
a46a3e1f-d192-46a1-a900-71c0821d3300,game yan bagus tapi gua masuk pah keluar game tonton iklan abis itu karakter yan balikin,6/30/2026 9:04,playstore
176f53d0-0aeb-490e-a30f-eafd0e90a232,Karena saat saya keluar dari game karakter nya harus unlock lagi,7/13/2026 23:13,playstore
f1a2b1ce-3dbe-4301-ba8f-0600f5e2f94d,"tolong update lagi lebih bagus dan tambahkan cerita,combo serangannya,map nya,atau bos nya tambahin sumpah game ini lumayan menarik dan seru😁",7/31/2025 11:59,playstore
5f8382b3-04f6-463e-bdd4-67c7c2ce4e6b,seru banget tapi update game nya jadi lebih menantang dan agak lebih sulit,3/18/2026 4:13,playstore
bd29a17e-deeb-4d39-a2c7-84b761ace57a,Game yang sangat bagus 10/10 tapi kalo bisa tambahin soeharto dong terus jurus2 nya yaitu menghilangkan mus,8/13/2020 8:59,playstore
5fdfb564-86f8-4bac-8f97-a6486c3d7f0f,"Keren game nya, kalau boleh Req plis tambahin Mega dong untuk jadi boss nya pasti keren~",4/9/2025 17:05,playstore
bc0915b7-81a7-4105-af45-576cbb552fd2,"Game nya mah udh bagus,,,tapi analog nya susah bgttt,,sama musuhnya kebanyakan jugaa,,tolong di perbaiki biar lebih keren lagi",8/19/2020 14:56,playstore
639aec79-42f2-4669-a838-9b274b8468f4,"Game kayak taik,, sosoan mau damai kan negara yg lagi perang ,urus opm aj gak bisa ,,,haha ,opm sama kayak rusia sma2 kuat2,,mari bintang 1 😡iklan sangt bnyk ,jng donwload",8/1/2022 11:02,playstore
e1a24341-c97d-4bdb-8740-2b7008cf1a0d,"Kontrol nya kurang responsif, masih ada beberapa bug seperti stuck(gabisa lanjut ke kanan)",6/24/2021 0:16,playstore
1e480b4e-a849-4240-b461-604a3c09a9bc,"Sering stuck di level 2, health bar bossnya udah abis tapi masih hidup jadi ga selesai"" stagenya.",9/5/2021 7:39,playstore
287c266f-f88a-4001-9a3e-b625e9220e67,"Waw game ini bgs membuat gk ada sistem heal jd ke 4 karakter berjuang sampai titik darah penghabisan,semoga dgn komen gini ku gk diciduk.",6/22/2021 10:02,playstore
9fe5277b-e346-49c7-b299-11158afbc045,"Harusnya di awal main di kasih tutor dlu, harus ngapain untuk bisa melanjutkan misi selanjutnya, segera perbaiki",2/24/2024 12:36,playstore
4a71fc20-84da-4946-860c-91c01d0a2f13,For all udah bagus dari segi bergelut juga udah keren tapi tolong bug nya masih ada dan di fix ya miinnnn😙😙😙😙,7/25/2021 13:58,playstore
b09da9b8-d1dd-4b03-9e1f-b58223132d70,"Konsep game nya keren. tpi kalo boleh kasih saran, harus ada dong pemeran antagonis yg kita kenal di Indonesia seperti Fadli Zon, atau Fahri hamza. biar keren game nya.",8/11/2020 0:56,playstore
d1f1decf-ce51-4efc-bd5f-4730ba025082,"Gameplay nya lumayan tapi banyak iklan,tapi gara gara ada tokoh idola saya,saya kasih bintang lima,saran saya sih tambahin bu bega",5/18/2022 13:29,playstore
8390a153-db57-4609-a601-6136a9c5ab78,"Game sangat bagus..................tapi hanya 5 level harus sering di update,tapi gak papa,tetap aku seneng main ini",7/1/2021 3:10,playstore
9f8e2a51-247e-4fca-a79a-64defa68ed6c,Udah naik level. Trus gak bs ke level berikutnya. Terpaksa kluar dahh,7/1/2021 6:45,playstore
0c52ee5a-403f-484f-91ec-98d002d580d0,Saya sudah tamat game ini dari awal rilis dan bagus namun banyak yg gak suka karena musuhnya bulan koruptot,12/27/2021 10:54,playstore
f17eaa45-ebf9-41ad-8992-783f14432f96,"Game gada ceritanya.. Coba musuhnya para buzzer, ekstrimis, teroris, koruptor, dan komunis baru mantap..",12/20/2021 7:31,playstore
8f68b326-118d-4842-ab11-e694b2584d1d,"Movementnya diperbaiki bro, susah buat nge lawan musuh depan belakang overall mantap sih 👍",8/10/2020 14:38,playstore
12dea039-c926-48d1-8296-708d94af277b,Apa ini skrng kok gk ada sound effect yg kocak itu Tambahin lagi dong biar seru trus video nya eror mohon untuk di perbaiki,10/10/2021 1:24,playstore
bcf8c747-317e-4488-9589-5cbe78443a81,"Sudah cukup baik ,kalo bisa kedepanya hadrikan game game yg membawa nama Indonesia ke internasional good developer👍👍👍👍",1/6/2020 9:40,playstore
5bd08d16-c342-4d55-81fa-53f870ccaad1,Udah bagus game nya tapi levelnya di perbanyak dan ada mode free mode tolong dibalas develofer,4/27/2021 20:28,playstore
a575e8e6-5af1-4e23-a6cf-9d4abcf17b8f,"Game nya bagus seru lagi bisa bikin emosi, pesan buat yang bikin game ini hati-hati nanti di ciduk Intel",2/17/2023 15:10,playstore
986f870a-9168-4fd4-8324-6e6fbf0f8878,Kapan level barunya min? Ana dah tamat semua level Kalo bisa tambahin karakternya lagi min Pokoknya ane dukung terus Ini game seru bgt mantaplah ! Semangat terus min !,7/26/2020 11:18,playstore
2a8b741a-397d-4b8c-8315-ce3e1eea1923,"Game nya sangat sangat saya suka, tolong ditambah fitur hutang dan fitur makar trims",4/25/2021 4:47,playstore
7fe794af-e19c-4dd7-8142-aa10b9f0a450,Game nya bagus sih tolong dong level nya diperbanyak dan charechter lainnya biar makin betah main ni game,8/13/2020 1:43,playstore
ea8716da-bc55-4eec-9610-15bba8265262,"GG si gamenya,gua g tau kalo gamenya dibuat dari 2018.wkwkwkwk seru walaupun kontrolnya agak susah,tapi seru.semangat bikin gamenya",7/28/2021 15:16,playstore
38b9c991-f9f9-4845-96f8-0ccfd72240be,"Game macem apa ini, di dalam game darah cepet abis tapi gak full kembali setelah melawan musuhnya atau gak dapat free medis.",9/19/2020 23:51,playstore
c82eb659-868a-4262-8f07-5cf7e0e63720,"Bagus banget, kalo bisa tambahin fitur pet banteng atau skill membanteng juga bagus 🤣🤣",7/31/2022 3:52,playstore
4a27aa06-1696-4bed-b38b-4a3a63037412,Game ini sangat bagus dan menarik kawan kawan ayo mainkan game ini! Kalo bisa musuhnya pemuda pancasila,2/13/2022 10:04,playstore
c32db757-2933-4b62-894d-1cf231aa2356,Gamenya bagus tapi kenapa ya waktu darah musuhnya udah sedikit 1 kali serang lagi mati malah stuck dia,10/8/2021 14:59,playstore
54c7ed4b-acf6-4b3d-beb2-0f8b6c51b4c0,"Tambah cek point dong, masa gw main very hard udah jauh harus ulang2 dari awal mulu kalau mati",8/13/2020 12:26,playstore
1012d21a-e54a-4f54-8cd5-0465db4f6c9e,Mantap game nya kalau bsa tambahin lg karakter nya seperti pro sniper pd jaman nya :v,1/3/2020 23:50,playstore
f81e3ad3-4813-4e18-a94a-800b343e1cf2,Game bagus.tapi susah menang..wkkw.. apalagi kalau level expert. Musuhnya kuat2. :-D,11/6/2021 7:01,playstore
d2d15c83-4656-46ce-bd22-1b61329185c0,"Game nya bgus bg, cuma kadang agak bug tpi gpp semangat terus ya bikin game indonesia",8/5/2022 14:10,playstore
bbd0122a-9adb-42cd-b798-4b009360041c,"Awkwowkw, gamenya udh bagus. Tinggal di tambah in skillnya Ama karakter nya.",2/4/2020 8:46,playstore
a95e2d8c-6561-4b69-b7c5-5d1e23507f74,"gamenya dah bagus sih, taoi disarankan dikasih heal heal lan gitu biar, biar ga gampang mati, nusuhnya keras keras juga",6/16/2021 11:53,playstore
2a34e7a6-780a-418b-a709-659438386876,Kerenn bgt... Kalo bisa di tambah lagi karakternya bang,1/15/2023 10:21,playstore
fa43a0c1-0031-4924-8e93-d19d6e767fbf,Ada sedikit bug saat attack tidak keluar bunyi sound efek,10/8/2021 7:57,playstore
88c471bd-dbd1-4b57-8e0d-00a1b6b9fb36,Kalo bisa controlnya dibuat analog aja karena menurutku control nya agak susah,4/16/2020 15:31,playstore
3e747fc6-145b-443c-93f1-f2835526b3ab,asyik sih tpi level nya cma sampe 5 saran perbanyk lh level nya biar tambah seru,6/16/2021 16:41,playstore
6ec9094f-9a5b-452d-b5ae-64a86732b8f8,"Keren min gamenya, saran kasih bossnya dong musuhnya biar nambah seru lagi",6/20/2021 17:08,playstore
d8eae409-9a68-4fe5-8807-7e5a8cf941c1,Minimal kalau awal level harusnya lawan nya mudah dulu Ini baru main udah lawan berapa orang ajg emanggg,10/18/2022 0:47,playstore
397b7009-6fd7-4597-9ae4-f098bd59dfce,Mantap gamenya next update tambahin soeharto trus skillnya menghilangkan musuh/menyulik musuh trimakasih🙏🙏🙏,11/2/2021 9:03,playstore
00221be7-e2bf-4119-b65c-d115e2c06950,"Game nya udh bgusss Bnget bangssatttttt, gw cuma nyaranin tambahin level nya goblokkkk, ini game seru banget sumpah ga ad lawannya 👍",10/18/2021 11:46,playstore
85baf15b-095f-4156-91e8-3696ef92ccc0,Game paling lucu dan kocak !! 😹😹😹 yang pernah saya mainkan !! Kwkwkwk game nya seruu banget ini apalagi karakternya op semua kwkskwk pak jokowi nya karakternya OP banget !! . sekali tendang pala musuh nya ilang kwkwkkwk .😂😂😂😂😂😂😂😂😂 dan pokoknya kalian harus dawnload game ini . !! sumpah seruu dan tolong tambahin karakter jamet dong biar makin kocak dan seruu !!! 😂😂😂😂😂😂😂😂,10/11/2021 14:33,playstore
3f2978c6-d8d0-49b7-8ddd-529bec6a2ad0,Gamenya bagus tpi tolong texturenya di perdetail/tambahin pilihan grafik,8/10/2021 12:26,playstore
f66976f2-6a05-493b-a0e4-c88ca492622a,"Gamenya seru ada karakter pak jokowinya, tambahin lagi levelnya biar makin seru",1/21/2023 22:08,playstore
fff3372c-8fbf-4647-839f-eac51866b10a,Gamenya bagus karakternya semoga di tambahin atau ada weap gitu biar seru dan menantang,4/23/2022 11:10,playstore
48f45a01-ed9f-4f0a-85a9-b977d8887156,Mantap meskipun hero nya sedikit tapi keren semangat terus mas rio...gmabare oniii-chan,5/16/2022 15:09,playstore
db4e2dae-7b41-4758-bed2-d190fab45196,game ini sangat bagus utk orang Indonesia dan tolong perbaiki bug aku udah beli Jokowi pas mau reset tiba tiba Jokowi ku hilang lagi kekunci lagi tapi game ini sangat bagus sekali,5/27/2025 15:16,playstore
f139c563-9bc9-401a-9e56-9654195651cd,Mantap gamennya Saran : Bugnya di perbaiki bang Dan Baguskan mapnya Kayak monas Sukses terus bang Kasih bagus bang biar game abang lebih Banyak orang suka Game anak bangsa harus di dukung semangat,7/7/2021 15:41,playstore
2fa5c67f-1abe-436c-8f48-bb3c4df64f99,Game nya bagus banget tapi kekurangan game ini engak ada lv baru nya mohon banget semoga updet,7/26/2024 7:51,playstore
867581c8-43b2-412d-9035-2ec2b1e5b625,gamenya bagus tapi kalo bisa tambahin PSHT sama KERA sakti jadiin sama tambahin si sahroni jadi bos senjatanya si pialanya itu sendiri,9/23/2025 23:58,playstore
7437c80a-e434-4f43-917b-573871c56d37,"gak bagus ada nuansa politik nya gak netral,error , masa polisi di tembakin terus sampai mati,gak bisa ngelawan,ini game sangat buruk",5/24/2024 15:44,playstore
46ab4391-2196-4629-8095-053306525b02,Bagus bang karakter tapi sayang cuma sedikit karakternya Dan kasih dulu tutornya,7/1/2024 0:34,playstore
4eb5ef42-5372-4ce7-9217-f198b705fa26,Gamenya bagus sekali tidak seperti ep ep yg ngerusakin mata dan top up nya murah sekali terimakasih shopee,10/7/2021 9:49,playstore
49640398-4563-465b-89f4-a514518ad2d8,"game bagus banget 🔥🔥🔥 saran buat developer : ditambah karakter megawati, soeharto, habib rizieq dll. spesial skill, bom dan soldier yg dipanggil untuk tiap karakter beda2. misal untuk jokowi manggilnya paspampres, prabowo manggilnya pesilat, dan yg lain. untuk stage nya bisa ditambah di area monas dan lain lagi. semangat terus developer 🔥🔥🔥",7/14/2021 11:54,playstore
e8380242-ead0-43f8-a3e1-5ec61c65308a,Keren keren salam dari Yt : KocenGamer... Saran sih... Latar tempatnya lebih ke indo an dong biar lbh maknyus ...,4/20/2021 11:02,playstore
7a12dce7-b56c-4e13-8a56-a971b023a84e,"Gamenya bagus, tapi sayangnya hutangnya terus menumpuk",2/14/2021 10:07,playstore
f3f5116a-6ebf-4330-b898-82b105b81a74,"Msh bnyak bug ny gan, kalo udah ada update dan lancar jaya tak ubah jadi 5",1/10/2020 3:23,playstore
88f9f5ff-8330-49f9-b329-0471f3eb5d34,"Setelah saya memainkan game ini ada tukang bakso terus saya beli dan enak tapi pas liat tukang baso nya lagi ,kang baso bawa HT",7/2/2021 10:34,playstore
43eaeaa2-f286-4a90-9df3-dfbcaa654fb9,"game ini sangat bagus. Aku bisa melihat jokowi kungfu, Ahok silat, PrabOwO Kungfu. pokoknya game ini sangat bagus aku kasih nilai 5/5.",1/3/2020 13:53,playstore
9197de44-75dd-4437-b3c7-b67e017c61d5,Gamenya keren! Saking kerennya sampai saya lupa kalau ada kang bakso didepan rumah,6/6/2022 10:24,playstore
c029194e-c414-4b6e-9a14-1f08a33629c3,"game yang mantab, berasa kaya membangun dinasty kekuasaan. game yg lain lewat pokoknya 🔥🔥✊✊",7/24/2025 10:36,playstore
96389373-96c1-48ac-98c9-93c22c0fe077,"Game ny baguss, ada karakter yang saya cari untuk di jadikan avatar",7/31/2022 14:36,playstore
88323679-a33e-424d-8474-1cc9d859dbf2,Grafiknya bagus dan bagus sekali gamenya,3/4/2025 6:36,playstore
3bdfa0d7-f04c-4472-89e1-9ac8a2e19ed1,Menurutku sih game nya bagus cuma perlu nambahin karakter seperti prabi0wo,3/20/2022 6:12,playstore
ed258414-ae50-401c-8ecd-33875e203f83,Game yah bagus tapi kasih tambah pak kumis dan kaisar Hirohito,8/21/2022 5:56,playstore
fe11041b-2ebf-419a-b6a9-cde9d4e7f5d6,Gamennya keren banget mengingatkan saya dengan utang negara dan pajak yg makin banyak . Eh bentar saya mau beli bakso tumben mang baksol lewat depan rumah...,6/22/2021 3:32,playstore
f04f0d3c-c038-4c08-ab4c-f0a3df035b22,saya udah namatin game ini jujur game ini seru tapi level 9 dibuat lebih ngotak dulu gua make 50 bodyguard masih kalah,1/18/2026 6:17,playstore
0cbac613-0c77-44a5-9ecb-425580f2e1e3,Tambah lagi dong hironya sekalian level nya kqlou bisa hironyq bisa di beli pake gold,1/6/2020 14:13,playstore
c6719bd4-c837-42f2-958a-63032157fd6a,Gamenya bagus banget apa lagi pas pake ahok kbl kbl kbl keren banget loh😅👆,9/19/2022 15:43,playstore
434632c4-a5e8-42fc-9247-2e877110fdb0,"Tambahin lagi dong tantangannya supaya lebih seru,Sama tambahin karakter dari luar negeri,contohnya kaya Putin,Joe Biden,dll. Sukses terus dalam mengembangkan Game ini..",4/24/2022 22:09,playstore
dac78be1-4055-4c49-9ee3-8f72b3e5643e,"Gamenya seru cuman karakternya kurang, besok"" developernya tambahin ma'ruf amiin dong gann",12/13/2020 13:47,playstore
7b9f60a5-4e86-4519-973f-9217525f5706,aku ngansik bintang 5 karena bagus dan juga gak selalu tidak iklan 😁😁😁,12/29/2025 11:06,playstore
3e0077df-64ce-43ac-8101-2d6a6df87a38,Coba dulu gamenya bintang 3 kalo bagus nambah2 lagi makasih anak kreatif mantap,8/1/2022 15:48,playstore
1305e29b-61a2-4489-a975-6c38f3793732,Awoawokawokawok gamevlo bagus bang plus ngkak. Tapi tolong dong tambahin heal healan biar gampang,6/23/2021 10:31,playstore
b9e35c03-2c9c-43e8-b352-4ac2f35755fb,Petilasan sunan Kalijaga Yogyakarta di Bali yang bisa di pertemukan aku kasih tau tempat jual beli di lokasimu tersedia banyak iklan telepon genggam dan terjemahan ini disediakan hanya untuk memulai bisnis online yang menjual makana di dunia ini berbatasan dengan kabupaten ini berbatasan dengan,7/6/2022 8:08,playstore
0de988d5-d028-462b-bf0f-f96e94296d00,Di update mang. Analognya harus ganti menurut w karna eror pas di lvl 4 malah nyelap (nyangkut d jembatan),7/25/2020 10:52,playstore
ba9c454e-1598-4ccc-b89e-9c41a8381bc9,Mekaniknya lumayan seru dan juga cukup sulit mantap dah,3/7/2023 10:20,playstore
7961e7da-d91f-4951-9c72-3f1423647895,Lucu plus seru tapi toling lah kalo liat video buat buka prabowo atau jokowi ke save gitu jadi gak harus liat video terus setiap kali main,6/25/2021 7:34,playstore
81ed3c32-bae0-4220-aa29-6bc47f78376f,Mainan nya bagus cmn level nya ampe 5 doang gw mah udh kelar main ni game,7/6/2021 3:35,playstore
d39a87ba-89b7-44ca-ac44-0d5246231c38,Kurang karakter politiknya..... Kurangin juga musuhnya Supaya tambah seru....,8/19/2020 4:48,playstore
fc5c5b36-7721-4740-aef8-28d5101b2736,"ini game yang sangat bagus, cuman kurang nya levelnya di tambahin dan di permudah lihat prabowo dan jokowinya👍👍👍👍👍👍👍👍👍👍",6/15/2021 14:25,playstore
0d366c59-12a1-4c35-ad1f-54fdb462fac7,"Games nya bagus banget, sedikit saran tambahin karakter presiden ke 5 🔥🔥🔥",8/2/2022 14:25,playstore
bae3ea89-15c5-4e7f-93c9-d7bbcedf4805,"Gamenya sangat bagus, tinggal di tambahkan skil² ultimate gtu biar dia makin seru",6/29/2022 23:00,playstore
5788e17a-e013-4311-81c6-8cb309ee9512,"Gamenya bagus banget bangg, dimohon karakternya ditambah soalnya ga afdol klo gaada lord Rizieq",12/31/2020 11:53,playstore
4668eb63-15bf-4743-923a-77704e8de403,Wqlaupun grapiknya buriq tapi gemnya keren bamget .seru banget .kocak.pokomnya keren laah☝😅,4/28/2022 10:32,playstore
97230e9b-bc1d-4f42-b069-1e598954cf84,Game yang sangat bagus dan menarik! Berkat game ini saya merasa aura banteng merah menyertai saya,6/20/2021 10:53,playstore
ae9cec75-d5fc-4356-9eea-1aea2f5797dc,Mantap banget game nya😀😀😃😊aku suka sama grafiknya pokoknya hebat deh😍👍👍👌👌,8/18/2021 6:29,playstore
a0a9fa29-a563-4d66-87b4-18a85e846047,"game nya ga bagus karna gw belum mainin, 😂 kalo jelek gw laporin developer nya karna gak bisa buat game minimal buat game yang hd , lah jangan Jokowi",9/18/2025 8:29,playstore
84a01ae4-57f3-46fd-9b70-d27b73bd512a,"game yg sangat bagus,dan persenjataan yg lengkap,sehabis main depan rumah saya ada tukang baso",5/25/2021 4:44,playstore
0e1f9ed9-1e5f-483b-93a8-2794dc9a7902,"Gamenya bagus,,😊👍tapi mohon boleh di tambahin karakter kaesang",7/4/2025 10:56,playstore
34abaca2-4dd6-4448-913a-59cb14a01218,Bagus sih cuman tambahin levelnya sama karakternya,5/24/2021 23:50,playstore
ba0ec4d9-a231-42e8-9e65-63538bc1306a,Bar bar kali orang nya😂😂 tapi mantep juga nih game maskipun saat main saya jadi ketawa mulu😂,8/7/2021 14:53,playstore
a8b601ae-6feb-4c81-b234-809d981b2866,game nya bagus tapi grafik nya kurang,8/17/2022 0:12,playstore
cbb7ce4e-de9b-4d30-8492-c44ea735d50d,Nerf jokowi lah op bgt dia ama tambahin fitur buat nambahin stats ama levelnya diperbanyak 🗿,1/24/2022 23:47,playstore
44bd530f-18d2-4097-999a-c8d10a3c198f,Gamenya cukup seru tapi coba di bolehin beli senjata bakalan lebih seru,3/19/2022 8:47,playstore
dbb9e7a4-292b-449a-bb10-87fb9e459e90,Game nya seru tapi stage nya kurang banyak,3/4/2022 0:37,playstore
8d41451d-d44b-4851-ab97-bc9085582a2b,Bagus bisa merasakan kita bermain sebagai pimpinan yang sadis dan kejam,7/30/2021 8:51,playstore
acf52d6d-b689-44f0-bbc1-be9a5ad4622b,Game bagus tapi ngedonwload nya lama banget hampir 7 jam jadi bintang 2 deh,11/10/2021 10:49,playstore
1052361f-209d-45d3-b852-d10339c4c059,"Gamenya bagus, lebih bagus lagi musuhnya pemuda pancasila",2/6/2022 19:12,playstore
095d254c-ab34-4983-8fef-a20c7cf75d48,"tambahkan karakter lagi kayak balmond, saya suka balmond, nanti saya subscribe channel atta halilintar soalnya dia ASHIAAAAPPP",5/21/2021 0:25,playstore
f1e0ba4c-d2ba-4728-ad73-d13990dbe6b4,"Game nya bagus banget, tapi ga tau kenapa setiap saya memainkan game ini kok tiba-tiba ada tukang baso lewat ya😁😁",12/10/2022 6:21,playstore
566049bf-3cb0-403d-8baa-4544a023fa3a,Game bikin sport jantung tegang tapi gue suka sama game ini terimakasih buat yang sudah buat game ini,3/11/2021 7:05,playstore
210c9967-f10d-45e4-a179-98981f2b60b4,"seru banget game Mulyono satu ini, dengan size ringan kita bisa belajar politik lebih dalam, harapan saya, ke depannya game ini menjadi open world, bertemakan kota Surakarta",7/6/2025 16:33,playstore
b31aa427-dffd-4b84-97e2-8248b6b1fe42,Gua kecewa sama apk ini gua mau donload gak punya kuota harusnya di perbaiki laggi apk nya biar gua punya kuota buat donload game ini,8/29/2022 22:08,playstore
8dc7d6bb-b0df-4a50-a517-95edf9f1c6e1,"Mantappp lah setelah sekian lama main game pangeran diponegoro. Akhirnya ada game Indo lagi. Lanjutkan bang, sama kembangkan lagi biar makin seru🤟",6/16/2022 18:11,playstore
e80df389-949c-4b2e-aa8c-a836595d7886,Game nya bagus Dan Kita Tau Bagaimana perjalanan pak jokowi untuk 3 periode.Gamenya bagus Dan Mendidik Siswa dan siswi indonesia dan Bagus Pula Untuk Dimainkan para Koruptor Korupsi uang dan Bandar bokep....,5/1/2022 12:07,playstore
ace8e753-92d6-4a38-b65c-ce8599c332aa,Game nya bagus tapi kalau sudah lama main masih ngelag dan saya berterimakasih kepada yang membuat game karena game ini sangat bagus dan lucu,2/26/2020 16:04,playstore
edd4e84d-c9bf-41c6-a5d6-d54553040bc7,Plis sigma developer kasih aku +100000 aura biar menang ngelawan fanum tax soalnya ini terlalu Big L sangat tidak sah untuk di mainkan di luar ngeri jadi plis tambahin karakter Unnie sama YoungMe biar enak di lihat😭,2/6/2025 7:12,playstore
e6b81cb0-2fb4-422b-98b2-38e9492b8d3e,Bagussss bg kalo bisa buat yg bisa membuat karaker kita kek di photo wajah kita dan kita tempel ke skinnya yg mau di buat :v,10/21/2021 12:36,playstore
4fa7a1fa-25b8-462c-b2b1-c255ee7db2d6,Game nya seru sih grafik hd tpi tambahin presiden soeharto dong min klo bisa tambahin tentara merah juga,5/6/2021 10:07,playstore
16973f40-b0b0-4b59-9398-c6b509d5bb46,"Gamenya Seru Parah Gak Bo'ong, Kukira gamenya biasa aja Ternyata luar biasa, semangat buat devnya 🔥",4/30/2021 22:26,playstore
e05204a7-f233-4b6d-8b2d-f6197c7353c9,Game nya seru banget.. Meski susah untuk menang justru itu lah yang bikin penasaran tuk maen trus,11/22/2021 6:50,playstore
c848d537-057a-45ab-ae4b-3826db1b4f46,Game keren mantap lah. Btw Masih ada kan Developer nya,3/29/2022 14:56,playstore
b0951d2f-487e-45ce-a61f-c0fd897bf5cc,Ini game keren banget tapi susah banget anjer padahal gw udah main level bocah,6/22/2021 14:20,playstore
c18d1964-62f0-4f3a-b970-a7b0be1a1a42,"Wah game ini sangat seru,aku akan mengajak para buzzerRP untuk bermain game ini agar mereka tidak terlalu stress dengan pekerjaan mereka",6/21/2021 10:59,playstore
b2996d5a-b992-49be-baa1-e29cf81c2b93,"game nya susah, tidak f2p dan tidak ramah , selamat tinggal pak jokowi, aku tidak cukup kuat untuk berpetualang bersama mu",2/25/2022 3:39,playstore
6db07c36-edaa-40e8-b389-35587f4eb451,Game nya bagus baget tapi karakter nya di banyak ki dong,10/30/2021 23:57,playstore
ae9053ae-e860-43c2-bb82-d90a3667bd88,Gamenya udah bagus tapi musuhnya terlalu op jadi agak ssah,4/18/2021 6:10,playstore
12b7eb1c-f643-41f3-b448-d569d7a48163,"Game yang sangat amat membagongkan,tapi asli keren dan seru gamenya.",4/20/2022 9:59,playstore
be4078c5-106e-45c3-bf3e-778aa5514b6f,Gamenya keren tapi tolong karakter nya ditambah,6/11/2023 9:06,playstore
94ffabbd-6f2e-4ebf-accc-21af87514a40,Coba game nya di bikin tempat nya kayak tempat indonesia gitu jangan di bikin nya kayak gini kenapa di buat tempat nya kayak tempat kerajaan gitu? Seharus nya di buatnya tempat nya kayak tempat indonesia gitulah supaya lebih bagus gitu,5/28/2022 6:36,playstore
334a95c7-4ba1-4ebd-ac2d-a2360ab157e8,Bang stage terakhir boss nya ngebug oiya klo bisa Adain fitur upgrade bang Ama ada cerita nya,9/10/2021 19:03,playstore
2de9dd40-3488-4b10-bcfd-fd5c057d5aea,Keren banget gamenya dan lucu juga. Wajib download sih,6/22/2021 2:06,playstore
43adbb10-0554-40f9-ba50-d36c7cad70fb,"Game tersulit yang pernah ane mainin. Gak ada recovery, senjata tambahan, ulti dll.",3/10/2022 5:08,playstore
57f9d5e2-7d54-4aa0-b4c1-ff17999e42e9,Mantap game ini HP gua kentang tapi bisa download E Lalu aku juga suka sama jokowi hehehe Pada tanggal aku main ini juga merupakan game,10/28/2021 10:01,playstore
de2199c7-e61b-42c5-951d-166b23a42593,Tolong diperbaikin lagi dong masak sering ngebuk dan analok kontronya susah banget di kendaliin,8/9/2020 18:25,playstore
5da25273-dfd1-4457-a8a6-f6ed3e3d9e17,Sangat kecewa game nya ke banyakan iklan nya jadi saya ga suka ok,4/15/2022 17:02,playstore
6faff99e-65a5-4af7-8cd2-3af42edaec79,game ny bagus tapi tolong tambahkan karakter nya,7/11/2025 5:47,playstore
9038cc72-0ccc-4b08-8b31-2ab32e36412f,"Game nya sangat seru, sayah suka game nya mantap!!!!!!!!!!!!!!!!!!!!!!!!!!!!!!!!!!!!!!",4/23/2022 20:16,playstore
7d60ebc3-3c35-49cf-84ec-3dcf10ee12e9,Kata rio sih gitu Perbaikan: gak bisa liat video padahal mo nyoba karakter pak de,7/18/2021 3:48,playstore
43472d54-3407-4174-8deb-95a49b546400,Gem nya bagus. Tapi katanya petualangan tapi kOK ngga bisa.ke desa desa,2/26/2022 13:52,playstore
5fe5db7d-85dc-4ba7-b172-4d87d750208f,Gameny ngelag banyak bug dahlah belum sepenuhnya diperbaiki masih beta,1/5/2020 2:53,playstore
dd5049f2-7dd0-4f69-831b-5039e4c9f582,Gamenya sih sebenernya seru tapi pas lvl 2 sering ngelag tolong perbaiki,1/5/2020 7:28,playstore
894ea949-ecb0-4cbb-803c-5493e4d6d5ec,Ini sumoah mantap gameya tapi satu hal jangan beramtem aj ada petualangannya coba min,8/29/2020 0:04,playstore
8fd7c8b8-9adb-44a8-9070-680f7633df64,Untuk gamenya lumayan bagus tapi musuhnya terlalu kuat,7/8/2022 10:31,playstore
3deea351-9be5-4d3d-8331-552b06817d40,Bagus banget game nya buatan developer Indonesia semoga semangat terusya,7/25/2022 3:22,playstore
3e36db66-c4ef-4135-9055-02ab36a6ce54,"Sebenarnya bagus, tapi panjangin lepel nya dong eze banget sih😂",3/30/2022 9:30,playstore
866dcc40-6aee-4735-915b-2f4a4e72cf58,"Game nya sangat bagus dengan game ini kita dapat meningkatkan nasionalisme dan semangat juang kita, game ini cocok dimainkan di kamar mandi sambil mengocok sabun",1/2/2022 12:19,playstore
e13924e5-555a-47ca-8061-eed40a45f928,"Di saat saya bermain game ini,saya merasa ada kekuatan yang masuk ke tubuh saya,dan saya mencoba merobohkan rumah tetangga menggunakan mobil bego, alhasil rumah tetangga roboh,dan saya di penjara Tamat Ini hanyalah dongeng biasa",6/28/2021 6:18,playstore
78c83f16-a478-4104-b0bf-d6bfb9e8c170,"Game nya sangat menarik, membuat kita belajar perjalanan/petualangan Jokowi dan kawan kawan bertemu God hand ,keren, hebat ada Ahok cokkk",9/10/2021 14:43,playstore
670bdb79-1a06-485b-ae10-3694f5f13b11,Mantul lah..tambahin karakternya dong klo bisa,1/6/2020 8:31,playstore
84ab763a-ef70-427d-b964-14f78d8a926a,KEREN BANGET ! Tapi kapan level baru nya :(,6/28/2021 6:28,playstore
fb1d4e23-d7e2-4c25-a391-4932034fc9e9,"Aku sangat suka karna ini adalah game pertama yang aku main pake bahasa indonesia, meskipun banya game buatan indonesia lainnya",1/19/2020 12:16,playstore
aad86cb3-f184-4125-b43d-d9917be62170,Game bagus tapi kurang mantep kalo gk ada emot nya darah nya gk tebel,5/22/2022 8:33,playstore
5e340658-4e57-4daf-bef8-b8a868dfa3a4,Kalau bisa character nya di tambah seperti para menteri dan komisaris2 BUMN. musuhnya bukan teroris saja tapi ditambah dengan Buzzer Rp dan orang pemecah belah bangsa Setelah bermain game ini saya makin kagum dengan pa de #unlimitedperiode,6/23/2021 0:37,playstore
29f1cd5d-286b-44bf-aff3-078768fc45a5,"Waw sangat emejing sekalih, setelah memainkan game ini Jiwa 3 periode saya tinggi. YKNTS",8/9/2022 15:21,playstore
3b7d2810-6082-4055-b5d6-119549d6f7dd,"Mantab gan, main petualangan jokowi serasa di pantau penembak sni",5/25/2021 5:21,playstore
96ce6ce3-a483-421a-9914-81cf8dad5bd2,Game nya unik. Gua kasih bintang 1. Klu bintang 5 devnya di kejar polisi,8/11/2020 4:33,playstore
153b893a-903f-4a79-b86b-48a41b97e650,Bagus tidak terlalu banyak iklan,6/21/2021 6:43,playstore
5f641b2b-c71b-439f-b875-f547ab069e21,Owi sangat op dengan combo yang bisa membelah lautan,6/30/2026 8:47,playstore
25878e16-777e-4b9f-9117-da5dcd954294,Bisa tolong tambahkan karakter nya.,7/17/2020 2:22,playstore
dcbae2b0-29df-44b0-af68-1eb9898a8f0b,"Keren game nya, cuma kurang karakter nya tambahin lagi karakter nya seperti megawati, donald trump, SBY, dan yusuf kala",6/19/2021 7:04,playstore
ff7fc5f8-fb98-408f-932d-0f47ff48ddd3,"Game nya baguss tapi banyakin pahlawan nya,sepeti bupati,soekarno seluruh pahlawan pahlawan ya nanti aku tambahin bintang nya.aku tunggu update selanjut nya",4/29/2021 7:39,playstore
34c7071d-25a7-441e-84ce-8a8ae128fec9,Gamenya bagus tapi musuhnya jangan keroyokan,9/11/2020 3:28,playstore
fe204732-c725-4538-ac1b-b41ef3a802cd,"Aku suka game ini,Ahok bisa tinju dan menari hebatt teruskann",8/31/2021 2:39,playstore
770cc3b1-fa34-4dfc-9765-377cd53960ef,"Karakter akhir tidak OP saya menyesal mendownload game,tololng buff karakter ini, baru saya kasih bintang 6",2/25/2022 7:38,playstore
b4938fd7-026f-4fe6-8107-e048a7e3c41b,"Bug. Fashion. Bukan petualangan, kaya tawuran.",8/2/2022 6:58,playstore
48ea2df3-88e4-445f-bfa4-3616a2a84e51,game nya bagus tolong banyakin lagi karakter nya bangg plisss,4/7/2023 13:24,playstore
866cbf50-d65f-4e4b-82a9-4300753b4839,agak bagus karena karakternya kurang,3/20/2026 3:56,playstore
919f4a01-74d7-49a7-9921-0ff69835270b,Game nya keren bingit lucu bgt oiya tambahi karakternya dong plisssssssss,3/16/2021 11:28,playstore
675857b1-d914-4dc9-ac61-b92378c520f7,Gamenya bagus Bertema politik tapi tidak memecah belah ke dua pihak.Menghadirkan musuh bangsa sebagai alternatif sangat kreatif untuk mempersatukan rakyat,6/20/2021 10:21,playstore
d47767a4-0def-40fe-bf04-906bebccaea0,uuuiihhh grafis yang sangat mantap 🗿,1/29/2022 4:32,playstore
4f4a7ff4-3d47-4319-a670-baf8293186a1,"Game nya bagus, tapi kok ada yang jualan bakso ya ? Padahalkan rumah saya dalam kebun sawit",1/3/2020 12:48,playstore
82618ce1-68da-4450-9d0a-24879434f04b,Napa level 5 gk bisa dimainin. Nyesal gw download nya... Yg lain jgn di dwnload pasti nyesal,8/4/2021 13:00,playstore
92ec58c2-bc60-41fe-843f-00e16f57cb6a,Keren.. cuma harus tingkatkan kualitas fpsnya,1/3/2020 11:55,playstore
fa714a89-d930-4945-a8a7-182710dbbc6a,Mungkin ini sangat membantu Anda aplikasi ini seperti nya bagus....!!!!!,6/12/2024 15:26,playstore
bee1f823-5f35-40f7-8d4b-dae33e4489af,Bang Developer tolong tambahin bu mega biar makin seru tambahin level yang banyak juga Terima kasih,9/13/2022 13:39,playstore
63faa39e-b813-4eb8-85e0-39799ac389cc,"Saya kasih bintang dua dulu kalau game nya bagus nanti saya tambahin bintangnya, tapi kelihatanya game nya seru",8/30/2021 4:23,playstore
3cc7cce7-dea0-4951-97be-1f8f75cecc17,Terlalu gampang tambahin levelnya dong,2/21/2021 8:12,playstore
d919ce9b-ad4e-4d24-afd2-94e804437419,game nya bagus dan Hd beut tapi diperbaiki lah bodyguard nya masa saling adu jotos kan paok,7/25/2025 11:43,playstore
3c24dcc0-f632-45e8-aa4e-7a06b8fac55e,Gamenya bagussss bangetttttt terimakasih udah buat game petualangan pak Jokowi,5/9/2021 15:02,playstore
40975be5-2837-40b2-9ac0-a8f991019921,"Download game nya, pilih karakter jokowi, kalahin terus👍🙏",10/11/2021 8:23,playstore
6e200799-c97c-4efc-98ea-1f76cd8b8e70,"Mantapp gann, mungkin tambahin lagi karakternya min.... hallo admin ganteng",9/8/2024 13:11,playstore
e2d7e0a5-8f66-4218-854d-3f1e7d7bb9ed,Setelah saya bermain game ini saya melihat tukang basok didepan rumah saya.Tapi alangkah terkejutnya saya ternyata itu bukan kang bakso biasa biasa aja,6/19/2021 7:46,playstore
40227ff2-d4ce-459e-8518-edf08ecb222b,Game ngebug udh diupload aja dungu .. masak blm klik start udah diserang lawan wkwkwk developer nya anak SMP.,7/21/2020 13:33,playstore
dc9c3696-87a2-4e98-b7e8-d089b3ff2411,"Gamenya seru cuk , jurus pakde sekali ulti musuh ketar ketir 😄😄",12/22/2021 11:40,playstore
a5479bf9-7ba4-43b7-98e1-85e5cc208884,Perbaiki bug nya seperti lompat tinggi sama jatoh ke tanah,1/5/2020 0:53,playstore
3e493fd8-0fbb-4ece-8945-24f1fd809f25,"game keren, cocok dimainkan ketika pusing / mengantuk saat main HSR 👍",7/21/2025 3:25,playstore
00d026a5-70e9-4036-8efd-b332145f63c1,Pdhl saya udah suka tp gimana jagoan mau menang musuhnya banyak maen kroyokan tapi nayawa jagoan ga d kasih bantuan nayawa,6/18/2021 6:44,playstore
ec78bde8-5bdb-4bb0-8832-32aa9bbddfe5,game saya rekomendasikan karna bagus dan menantang dan unik sebaiknya di mainkan,7/22/2025 12:59,playstore
75bc342b-b9c4-4502-997b-0a7f91451b37,Game paling keren + ada pak jokowi nya itu yg buat game ini sangat keren,4/29/2022 4:56,playstore
d09d6c18-4c2a-4b01-ae02-7c7b5eb3936b,bagus. difficulty normal aja udah susah. tapi kok g bisa unlock Jokowi ya?,8/10/2020 12:44,playstore
d1d43f4a-54c3-4096-9a22-0070f91c6ec4,"Tolong analognya diperbaiki, susah di gunakan",8/13/2020 3:06,playstore
9fe5cbb1-1163-437a-b410-33334d46f4e5,game ga kelas banyak iklan nya patah patah pulak jangan di donlod jelek banget game nya,2/23/2026 14:08,playstore
02a14e8c-c588-47b4-a415-c775f4c7b7cf,Mohon tambahkan fitur healing dengan cooldown,7/10/2021 7:07,playstore
e5a6f00f-b6c3-4448-a168-3891b1b3885c,"Ahok nya keren dan bagus banget untuk awal awal, Karakter Pak Jokowi dan Prabowo juga ga kalah bagus untuk dipakai dalam pertempuran... Next update tolong pak Prabowo skillnya bisa summon TNI",12/17/2022 0:34,playstore
f6764a45-6834-4edd-a62b-e4bf964bb1a5,"Gk seru, darah nya gk bisa di tambah, padahal lawan nya keras2.",5/9/2021 10:49,playstore
2c9919d3-c3ca-4cc1-a493-935edd065e68,"Musuhnya kebanyakan bos ,kalah mulu jadi kurang semangat maininya,😂😂😂 saya suka ,tapi capek",11/18/2021 14:50,playstore
22c93d07-25ec-4255-838f-bf0cb48b7440,"Ini game yg saya cari², cocok dimainkan utk alumni kos Hikmah maupun mereka yg masih menimba ilmu di sana. Tapi ini amankan? Gak ada tukang bakso yg tiba² mangkal di depan rumah?",8/1/2022 17:42,playstore
ab7c32e3-f135-4313-8d54-dcb777844058,Game nya bagus !!!!!!!!!!!!!!!!!!!!! Tapi boong game nya bagus kok wajib donlowad,4/19/2021 5:36,playstore
6c61583a-b805-4876-90a7-8aea63b56ad2,"gamenya bagus tambahin karakternya biar lebih josssss, ilovejokowi poreper",4/30/2021 11:21,playstore
d9df6725-daa7-459d-8a56-d18a0aa1f306,"Wow ini adalah salah satu game yang palibg saya suka di playstore ,dan terbaik di playstore terimakasih",2/12/2020 0:14,playstore
8f08cfb7-d2d3-4649-906f-401c2076d788,game nya bagus tapi ada kekurangan jokowi nya gk bisa ngomong wiwokdetok,9/15/2025 13:44,playstore
be439eaf-8a5a-4846-b7ec-433b1881c7d2,"kurang menarik,mending baca saran aja deh biar makin menarik",2/15/2022 1:21,playstore
aeea0e84-053b-4682-8519-71a7c3e4366d,"game nya realistis dan seru bgt buat yg blm main harus cobain,kapan pagi liat wowo di pukulin",3/5/2026 2:38,playstore
5a40d393-9584-4ead-82a7-c6bb6ac474a2,"Game nya udah bagus min,tambahin juga level ny biar seru",6/9/2023 13:27,playstore
9464e40d-e6e8-4865-97dc-c70b43194093,"Gamenya bagus, pak Jokowi bisa adu mekanik😱😱😱😱😎",12/30/2021 13:34,playstore
c86c99e2-c74a-49b4-b6ce-b6459ae37833,"Mantap, tapi sering ada bug pas ambil darah",1/12/2022 10:01,playstore
d553a955-1f2d-4d46-b3fd-b48deccf009c,saya sangat menikmati game ini tapi saya kecewa tidak ada CEO mbg dan pohon palem,6/11/2026 2:45,playstore
4594f8aa-e24f-4f3d-b93e-f71bf76edbac,Game nya sangat sangat bagus Tapi jangan lupa kalau pake pak Prabowo tambahin efek ngamuk gebrak gebrak meja tapi masih kalah nyapres dong,1/7/2020 14:36,playstore
069d686f-f979-4bdb-9053-8249837163f8,"Tambahkan senjata nya, kalo bisa pakai jurus wkw",6/22/2021 15:57,playstore
d7b49100-e9eb-4e30-9a12-2c830cc9a0a5,Game nya si bagus tapi lucu tdk ada tentara nya,3/29/2020 8:29,playstore
1d82bb00-9d06-4f92-935e-a6c52b9a7930,Menurutku sih karakter gamenya kurang sejata,4/25/2022 13:03,playstore
2a2058bb-fd6c-44c6-8766-4b7e9b280425,Game nya bagus keren grafik nya mantap seru ceritanya juga,10/6/2021 13:39,playstore
b5400876-bb28-40e4-aa83-061ff7de23f2,Yang ciptain game nya gak ada akhlak😂😂 tapi gua suka game nya bagus,3/13/2021 9:04,playstore
edd704e7-eaf0-4c45-bc40-636324368537,"Setelah memainkan game ini saya merasa kalau anak bangsa mempunyai bakat yg luar biasa mungkin 170 tahun lgi game"" Karya lokal ini bakal meningkat kualitasnya bahkan bisa melampaui game"" Terkenal seperti GTA san andreas, bahkan platform seperti steam pun akan sepi dan ketar ketirr karena kalah denga game karya anak bangsa yang super epikk, btw game ini jalan ceritanya bagus menceritakan seorang MC yg berjuang mensejahterakan masyarakat dari mafia minyak goreng dan bansos",8/3/2022 12:51,playstore
e6addc41-9178-487d-b6b8-51d7bd1b3eb1,Karena saya sedang membuat konten di channel shiromsfa untuk review game ini jadi saya naikkan bintangnya 🤣,3/17/2022 14:27,playstore
b0cd0792-4743-49c8-8370-721ef493deb7,Game bagus tapi tambahin karakter Puan matahari dong sama Bu megaw4ti :v,4/24/2022 13:40,playstore
3faebb31-0412-477f-a0c2-95aa6d171e41,Aku sangat suka dengan gamenya .. apalagi saat aku kalah dan meninggal ..,1/5/2021 14:03,playstore
b1564087-a9ee-4441-b785-6724c570d89b,"Gila mangtep banget gan, apalagi bom nya bikin saya mengakak. saran saya gan tambahin karakter Megawati, Soeharto, puan, kh Maruf, dll. Tambahin tempat gedung DPR lebih keren gan.",7/25/2021 8:36,playstore
a97cf75b-9254-4174-9f98-18c12c8b0b57,Game nya bagus lagu nya sehat Udah itu aja,5/27/2022 8:37,playstore
49be9e3c-5cbb-4d61-a413-6182407e1f6e,Game yang samngad timdak ramah karakter nya tydak ramah,12/29/2021 13:07,playstore
618e2f06-2fc8-4381-81da-628da65a5484,Tolong gamenya ada mode blusukan.,8/2/2022 10:14,playstore
ead11b9e-8a20-4066-9d05-4b77412d0390,"seru sih, tapi pas lawan si heru keling gamenya kaya eror gitu pas darahnya udah mau habis. jadi dia gak bisa dibunuh",10/15/2021 0:56,playstore
c8e663e8-83a6-4726-9580-5e20a1b9d7d4,Tolong dong masa nge ULTI darahnya berkurang sih dan tolong update berikutnya ngultinya ada kuldon nya gak usah darah nya berkurang oke devoloper👍,11/20/2024 12:25,playstore
0de9855c-24e2-4810-96ad-fd9864978541,Geme nya bagus keren geme nya mantap keren👍👍👍👍👍👍👍👍👍👍,12/30/2021 6:51,playstore
d99492a2-3aa8-4863-a6e6-f973e4a653ef,Banh boss 7 nanti namanya arya aja karna saya mau balas dendam ke dia jadi didunia nyata ga bisa balas dendam digame aja game nya grafik nya bagus kek gta pls tambahin boss namanya arya y,5/14/2022 0:44,playstore
f9fdcac2-3bdf-4922-8756-e646c7076099,Bikin animasi ke atas ke bawahnya,8/18/2020 12:31,playstore
23b33767-77d1-4734-8216-2d50052cd29c,Mantap si tapi cumankurang satu tambahin kekebalan characternya dong,7/15/2021 11:51,playstore
9a02e908-970f-4bec-b85d-666b74d0610a,Gamenya bagus cuman sayang tidak ada karakter HRS dimusuhnya,6/24/2021 13:21,playstore
6a64fbd7-dfe9-4dd6-b830-9fa6f2c6c4ec,Setelah memainkan game ini saya sadar ternyata membasmi pejabat korup dan antek anteknya tidaklah mudah,5/1/2021 12:32,playstore
f81e16d9-1060-4114-bf04-17faa983751d,Game Buatan Indonesia Wajib Di Support Bro Jangan Di Bacotin Semoga Pas Update Jadi Lebih Baik Lgi Sukses Terus👍👍,8/28/2020 11:46,playstore
30ab185a-2151-49a1-b6de-b0822f88af8f,Game nya bagus saya puas jika Pemain nya kalah di gebukin ama Preman itu Udh Real dan nyata,7/6/2021 8:36,playstore
b44b9f18-bf68-4dc4-95ac-ee43f6a0a533,Mantap idenya boss. Musuh di akhir adalah para koruptor yang bisa membuat bug bikin kalah. Wkwkwk Semangat bos. Game yang menghibur,10/7/2021 10:18,playstore
02a340dc-6cb6-4693-87b9-ac5a77492b28,Game tolol musuh kagak abis abis gimana bisa menaaanhh?,8/16/2020 10:00,playstore
1a70f76f-2399-461d-b75a-dd1a7cf77195,Tambahkan mode multiplayer plis kakak ku suka game kayak gini,11/6/2021 13:09,playstore
87ed6029-7aed-4375-ab9f-ef531b06df74,"Bagus sih, cuma gime nya terlalu susah coy pdhl baru lvl pertama 🗿",9/7/2024 12:00,playstore
98841f8b-a8be-426a-acc6-5f322cae110d,"Game seru, tinggal di update karakter nya",5/1/2021 23:08,playstore
ee09767b-32a7-4c60-a259-03229d55e117,Saya kasih bintang 5 karena gamenya seru banget Untuk yang nalum dwonload wajib dwonload,9/17/2020 4:07,playstore
56533c21-0c95-418a-b89a-58b4fe961b10,Maaf baru 4 soalnya game nya sangat susah ok terima kasih,4/24/2021 14:30,playstore
16854959-3856-4ebd-9b14-16be1d5cad45,Gameny bagus tapi susah wwkwkkwkw mantap,8/10/2021 5:55,playstore
7c764c3b-3230-4bfc-a927-f9974186bd6d,Kayaknya kalau game ini dijadikan konten YouTube pasti keren nih,2/25/2023 18:45,playstore
8b547473-ffe3-4564-b308-2fdf5b071145,game nya baguss banget ada karakter Pak Owi and Friends,6/12/2022 6:56,playstore
8706440e-60d4-46a2-b237-4c259f7f9f2d,seru sih tapi kenapa layar gua kok hitam,4/8/2026 13:39,playstore
5db6c244-1cee-4013-8c11-a9c66b36d3c4,game simpel tapi seruuuu bagettt,5/2/2026 11:45,playstore
c43b8b29-15fa-44c2-9757-b960b17641bc,gem nya sangat seru saya sampai muak main nya saya kasih bintang lima karna ada jokowi,2/22/2026 15:13,playstore
89bbd80c-370c-43d4-b193-feb9b1bd4e77,Game yang sangat bagus sampai sy menghilang dari peradapan,6/18/2021 18:21,playstore
a3f6bc2c-45d4-4e42-99be-7bb88d626ce9,Bagi kalian yang kesusahan ngelawan musuh tinggal spam lompat-tendang-ulang hehe,5/25/2021 12:40,playstore
b8521897-781e-404b-b74d-518723eeec36,"Gamenya bagus, saranku tambahin karakter lain bang",6/30/2022 7:37,playstore
dc28e8ad-5dee-4d61-b4c3-38adbaab0d60,Game nya seru terus ga pake paketan,12/6/2024 15:51,playstore
b6fd327b-a741-4867-9299-1ddaf3153393,Tambahin heal item digamenya biar ngga gampang mati,4/25/2021 13:36,playstore
f4b946ec-5301-4c5a-ab58-93630608f6fe,"game bagus, bahkan lebih bagus dari hsr sm genshin 😍😍😍 grafiknya wow wow banget omggg, love u depeloper 😋",7/19/2025 17:37,playstore
3fe4aa7e-401f-4800-bf8e-4e2aed191c80,"Game nya seru, apalgi kalo musuh nya pemuda pancasila",3/6/2022 9:11,playstore
98abf3cb-15d3-44cf-b842-a1a689cba94a,Game paling keren karya anak bangsa 👍👍👍😊😊😊🥰,12/19/2022 23:16,playstore
f3bfb4ee-8fa4-432f-a1e1-5048e3959e8d,Game bagus tapi tolong ditambah heal healan,6/24/2021 4:48,playstore
e9f8f88d-6f88-4e4d-b668-d3fc6621629c,Perbaiki lagi min Saran kasih backsound lagu iwan fals min biar mantap 😂,8/13/2020 14:49,playstore
73109022-1f40-4079-9bec-af5c1c5373ec,"Kalo cman petualangan rasanya kurang lengkap, semoga kedepannya ditambahin fitur ngutang sama plonga plongo dengan efek stun",1/6/2020 2:19,playstore
253309d2-1cb4-4db7-bd65-3a3ce9c85916,Haha mantap tpi karakter kita ad yg ngomong dada gw skit ajg gitu🤣🤣🤣,6/11/2021 4:27,playstore
9aa48ab2-0ab8-41ba-8db7-21ef15863585,Tambahin lagi levelnya dan storynya biar agak jelas,9/15/2020 11:23,playstore
6c44b6d5-8d2d-46cd-b1cd-74b0a319e473,Bagus game nya buat gabut kalo gakada paket,7/1/2022 6:07,playstore
18923e40-7686-499a-87d4-22307c3b073e,Gamenya Jelek kek Yang Bikin Gamenya Tpi Aku Kasih Bintang 5 Soalnya Suka Banget Sama Pakde Joko,4/26/2022 1:43,playstore
8b149375-e3e0-4565-8af3-d1a292a60857,"Game nya seru banget wajib downlod ,soalnya game buatan Indonesia!!!!!!!!!!!!!!!!!!!!!!!!!!!!!!!!!!!!!!!!!!!!!!!!!!!!!!!!!!!!!!!!!",12/3/2021 9:50,playstore
89feb440-d8a3-4f26-8bc2-37eb2da4170d,Gamenya sangat bagus. Sampe sampe saia ingin memukuli orang yg lewat depan rumah saia,10/11/2021 13:15,playstore
f6131c2a-8de9-4fef-8f30-b5751e6b0446,Saya suka game ini karna karakter yg plonga plongo jago berantem,7/14/2021 9:54,playstore
01b2cc0c-b725-480b-a4ff-d9ea4e3c1e68,Ini ada bug yg lawan koruptor yg namany heru kelink yg ada bug ga bisa di pukul di akhiran lawam heru kelink semoga cepat di fix ya def ny,10/29/2021 2:17,playstore
e2368efa-105b-4e65-a8a8-dad1e0a94458,Gamenya bagus cuma gaada karakter maarup amin,6/28/2021 7:58,playstore
309bc3b9-fb07-4154-bae6-ee8e6773e5d5,Ini banget orang yang bikin nya. soalnya aku udah ke level terahir. tapi Heru kelink ngestak Mulu. Saat dia sekarat. Di pojok kanan. Aku udah pake bom tetep joget.Tapi ngga kena bom. makannya aku kasih bintang satu 😡😠🤬😡😠,10/31/2021 2:17,playstore
11387986-ab62-4b36-a725-1cc122e0c768,We gila mayatnya jalan pas mati hebat gemenya tapi guna bom sama pengawal itu gunanya apa pengawalnya cuma nyerang kita,4/29/2022 7:45,playstore
a416d15a-b78f-4f72-adfb-bc9f72aca935,"Ini game bagus banget,, plis jangan diBlokir ya ""Kominfo""",8/6/2022 7:01,playstore
32548c1a-94c8-4343-97e9-58d8b458dcf4,"Pas perang pakai carakter cewek, ceweknya banyak gaya anjay merasa terganggu level 1 aja musuhnya minta ampun",3/10/2022 16:11,playstore
e2e7c0d3-cb5b-4a93-bad8-c1e0d0944555,"Mantap bro,setidaknya pak Jokowi ngga cuman bisa ngutang tapi bisa gelud Tapi anda terlalu halu bro,masa bisa loncat tinggi,seharusnya fitur itu diganti utang dalam skala tinggi",1/4/2020 13:10,playstore
daed9798-3bfb-4a1c-b936-6ac3a036f5d8,"saran dari gua si coba karakter ahok dibedain, kalo pa jokowi sama pa prabowo lawan teroris gapapa. Tapi kalo ahok lawannya tukang becak sama delman. Terus tambahin karakter pa soeharto lawannya orang cina",5/18/2021 14:21,playstore
2c58a4e1-4475-41b2-943e-9cdfae1de0b8,Setelah mqin game ini saya keluar dan memukuli orang yg lewat rumah saya game nya seru sumpah,5/15/2021 15:37,playstore
4336aec2-06c8-4ead-a1ee-cee5d3631900,Grafiknya bagus kalau nonong,1/21/2023 9:48,playstore
74e4727b-39ad-43ac-8e01-8fd6d0d6c8cc,Mantap sekali bosku game ini sangat disarankan untuk main ini game😎👍,4/28/2021 4:01,playstore
8d137357-519e-4037-b676-d8dfb1cbd1e6,"Semangat update game nya,biar bisa dinikmati oleh presidennya langsung",12/10/2020 17:57,playstore
16875260-4d90-4f83-a605-cff3ffc68640,Game nya bagus keren bet dah wajib download Btw aman GK nih takut ada tukang bakso 🗿🗿🗿🗿🗿🗿🗿,5/25/2023 13:59,playstore
5b1a704f-f168-411d-890f-f3dc1e8bb666,"sangat bagus, karena gim ini mengingatkanku pada kebaikan pakde jokowi",7/21/2025 7:20,playstore
e719ce15-43b0-46de-a24b-b4c50bc153b1,Ni game bagus cuman pencet lanjut aja susah amat,4/29/2022 2:16,playstore
3fe22f65-2ca3-4587-82f7-783ee01f217e,Game nya terlalu susah karena lawannya GK jelas sama dara kita dikit bet dah,2/24/2022 8:40,playstore
0bf3ec55-3406-4a5f-9b3d-e77026f3fe27,Tambahin fitur healing dan checkpoint,1/1/2021 9:54,playstore
b9914707-692f-4ae5-a12e-2b385fef644a,"Good game nya seru, maju game indonesia...",3/8/2021 9:31,playstore
abbc7578-74e0-4ee0-8a23-19277755562d,"Gamenya bagus aku suka,terima kasih ibu sudah mengijinkan aku bermain game ini",3/24/2021 19:17,playstore
305ff636-0975-45e5-827a-a7d3b08183e1,"aseli kalo main ini game rasa sigmany kerasa guys kaya ngefly gitu, tak kasih bintang 5 wok.",7/21/2025 8:28,playstore
ed8faa41-e564-4cdf-b0e0-4aa01b433e10,"Waww game ini sangat mantab,Dan....ehh bentar ada tukang bakso,Aku mau beli sebentar,nanti aku lanjutin lagi Kom-",6/21/2021 6:11,playstore
1bd6ad24-57cb-4375-8631-cd6751cd30d2,Game tolol nyawa gampang abis musuh kebanyakan,7/23/2022 19:27,playstore
f78858cc-9fea-4e63-8c34-c722a839076f,Saya dari Angkota kepolisian game ini sangat bagus untuk dimainkan oleh masyarakat yang lagi emosional kepada jojokokow11,7/23/2021 19:50,playstore
3b1fd7a4-8375-427c-82ff-33ef60e483f4,Mantap gw harap update kedepannya makin bagus biar nih game jadi game legendaris,12/15/2020 19:52,playstore
0dbdfc83-5bbc-4bff-aa56-44af9f577e01,Mantap bukan pmakar handal kalo ga maen ni game 😎,5/31/2021 3:24,playstore
dee92614-b594-4c34-b866-1b3c4e59a944,"Ahok dan Jokowi: power, speed dan jump sama. Saya gak suka. Seharusnya dibedakan donk. Pliss jgn disamakan. G ada yg spesial klw gitu.",1/8/2020 4:57,playstore
5fd24b9d-3902-43f0-ad52-9ef4fae56e7f,Oy siapoo😤😤😤😤😤siappyang muatgeminigeminidakbagus hasil rekaman kirim aslinya ke situ,9/2/2020 8:33,playstore
83b1be71-57b4-4d35-9a21-4db00ea5d7c1,Kapan update lagi min ? Udah gak sabar saya mau menghajar semua koruptor dan penjahat di game ini 👊👊,10/3/2022 12:39,playstore
bcb9da0b-acdc-47f2-972d-253145891083,"Bagus, tapi kasih revive nyawa biar lebih seru",6/19/2021 3:36,playstore
6fb5c986-6629-4258-9e69-cd264dcd1cee,"Mantap game nya, btw masi aman kan yg buat?",6/24/2021 5:55,playstore
7ebc1a4a-2559-4019-8422-964be504bd0f,Bug di onyenk gk bisa dipukul di ahir jalan,8/28/2021 18:15,playstore
d0b84d13-df85-4b94-a8cc-ddd07580f3d2,"Bagus sih, tapi musuhnya susah bat oy",6/7/2021 14:13,playstore
504ba9e7-70e3-403f-b53f-06b09ebdef6d,Game ini bagus bngt anak saya suka main ny,2/12/2023 14:11,playstore
d7245781-4968-4309-a2b9-fa684ae6d2fc,WOY GW UDAH DOWNLOAD KENAPA GA BISA DI MAININ SETIAP KALI LOADING KELUAR MULU MALAS BANGET MENDINGAN MAIN GAME BAYI AJA LAH DARI PADA MAIN GAME YANG NGELEG GINI!!!!!!!!!!!!!!!!!!!!!,1/4/2025 9:27,playstore
549e4ab8-c1cd-43bb-a4eb-fa166cde216a,Gua suka banget game ya kocak sampeyan adek keponakan gua download teman gua download kocak bener kagak download nyesel banget bro,10/28/2021 4:32,playstore
fcf08148-ba0e-4582-832e-80639fe749f9,game asyik banget. kalian wajib cobain sih game nya,2/10/2026 6:54,playstore
72015a4d-aa2c-4701-ba0d-63d3afb1c679,Capek njir Darahnya cuma di kasih dikit Terus lawan nya banyak dan darahnya susah abis Senjata juga palingan pedang sama pistol doang Tolong di tamabhin senjata lainya Dan tambahin baground lainya Jangan di rumah Firaun Mulu Bosen,4/26/2021 1:37,playstore
7efaaf56-9e90-4061-8f07-8f8934f48839,Gara gara ada di meme gw lgsung liat ternyata ad gw kira editan awokawok,10/9/2021 2:55,playstore
57bf302d-9512-4227-b602-d4f498e07c82,"Kata nya presiden, setiap presiden kan ada tentara nya!! Ini kok kita sendiri sedangkan para korupsi itu keroyok, tambahin dong tentara nya buat menang!!!",1/19/2020 9:12,playstore
20ac7bfd-f5a8-4d3a-8f48-e43c506cd807,Suara iklannya mengerikan🥲🙏,8/1/2022 10:47,playstore
b8bae2b9-f701-40a2-bec3-57a70458b44f,Bagus suara musuh pas di serang nya Ngakak bet ....,9/12/2021 11:31,playstore
383d860f-434d-4763-9b3b-b841f6da653a,"game nya bagus banget sumpah,gua sampe ga download",12/7/2025 3:56,playstore
d19c1896-897c-4456-bba6-281c7ea2d7b5,Bagus sekali semoga ada update dengan menambahkan orang orang penting lainnya,4/22/2022 16:59,playstore
20d87a1e-a3b7-4faa-b91a-4fdb69b17dd4,Game keren pak jokowi bisa salto,7/16/2024 6:02,playstore
cb2f30ba-eca4-40ce-83b3-4b3b66c0b307,"Setelah memainkan game ini aku seperti mendengar suara tukang bakso dari luar rumah, aku pun mendatanginya dan alangkah terkejutnya aku melihat tukang bakso itu memakai baret merah akupun langsung kabur lewat pintu belakang namun sudah terlambat, akupun disergap dan diminta menghadap ke kantor pusat, disana aku sudah disambut oleh Grace Natalie, Ahok, Prabowo, dan Jokowi akupun dinobatkan sebagai burunan nasional, jika kalian membaca surat ini itu artinya aku sedang boker dikamar mandi",5/1/2021 7:34,playstore
24e0d445-aafa-4fc2-9047-2b1de3db1cd9,Gambar Jokowi memang keren kamu ini keren Sumpah aku senang,5/6/2023 22:26,playstore
5bb35759-d75a-4ed3-9adc-72cbcc351d9d,Game Ini Sangat Menghibur Sekali Dan Bagus Sekali.Lebih Bagus Lagi Kalo Kreatornya Di Ciduk.Fak Yu Lah🖕🖕,6/25/2021 6:27,playstore
0b5c14cb-428e-4e49-b6b5-ccd9637d05c2,Game ya bagusi tapi ada yang kurang lari ya tidak ada,5/10/2022 14:01,playstore
18d1c06c-8a53-48c9-a4a5-4029edb6ef07,"Keren bang,cuma engga bisa jamsud",5/19/2021 14:32,playstore
3c665c1d-f6ee-4f35-b7a7-6403168ce11e,Game yang sangat memotivasi,11/2/2021 6:45,playstore
db60cfd8-892b-4120-83d3-1c08b027ed90,game ini sangat bagus tapi tolong di abdet lagi,12/13/2025 3:20,playstore
ad606600-c849-46a4-b633-5317a593a1df,Sedikit kekurangan fitur yaitu batle royale,12/12/2021 3:14,playstore
eb648daa-bf47-4690-bb9d-07a975c8a27c,Ku kasih bintang 3 dulu😅kalo dah ada fitur hoetank baru kukasih 5😅🙏🏻,11/1/2021 1:03,playstore
d2ce002f-83d0-445e-9a84-221efa43e410,Darahnya tipis banget masa musuhnya gk ada ngapa2in darahnya lgsg setengah gk asik musuhnya main santet,8/11/2020 3:42,playstore
fefc8a66-3f41-445c-be5a-5d9a3600e002,Game nya bagus banget rekomendasi baut di mainkan,2/9/2023 6:17,playstore
8dcf2418-1c59-47e5-8b0e-72f9b4ea3322,"Gg gaming bang, Game nya sangat realistis",6/25/2021 12:56,playstore
66f0fb37-5065-4ad5-88bf-00617a4d0d20,Seru tambahin dong karakter nya kaya dn aidit atau letkol untung gitu,10/12/2021 11:54,playstore
5d30652e-951a-446a-af64-dd154cc52dab,Bagus game nya ada karakter pak Jokowi nya yuk buruan download,11/1/2021 0:17,playstore
23c98b25-db67-4c48-bf43-43f390ff7918,"bagus sekali untuk menyatukan negeri, kemudian di pecah belah kembali",10/7/2021 16:22,playstore
e84e1828-f86f-401c-b4e1-93bc158d7c6e,lihat dl game nya..soal nya...blm main...kt nya bagus,8/1/2021 8:31,playstore
3e54d933-51a5-4fb5-a0a9-2cd91cc44b80,Gilak keren kali ini game super hero nya pak jokowi Semanget dvpeloper indonesia Game klian kami sport trus,5/6/2021 15:43,playstore
31d37b48-cadb-49ac-8c2c-cde405f67f24,sementara aku beri 4 bintang soalnya gabisa pake budguard nya cuman bisa 1,8/21/2022 13:51,playstore
b9d45e5b-bae3-4e37-8b20-601250c52c32,Mantap banget sih game nya,6/27/2022 1:51,playstore
64abbc25-c6bb-4df6-aa6b-dd0c62dce9f7,Kok loading masuknya lama ya?,7/27/2021 2:30,playstore
5f40482a-9561-463c-b07c-e858ada03397,bagus tingkatkan bakatmu tapi lebih bagus tambahkan BANTENG MERAH,4/15/2023 9:17,playstore
80b53782-219f-4d94-9ba5-7c11da54e4f5,"game apa ini berad banget. jangan donglot bagi yang hapenya kentang...... (btw, bintang lima. good game)",11/15/2025 17:48,playstore
7c4eee0e-4d06-4d69-ade2-74e9e51d05fe,"game nya bagus, simple, ramah, seru, cocok main sama sepupu. (tapi boonk😹😹)",12/7/2025 9:06,playstore
69423932-f951-4fec-aeef-30c70b5d116a,"lanjutin level nya , banyakin ama di update lagi",8/9/2020 17:57,playstore
0f20a3fe-39e5-4eac-a308-f2f4937788c3,"gamenya sangat bagus,keren banget pokoknya👍🏻🤓",7/21/2025 10:35,playstore
340a9e6a-02e3-4ced-a59b-0f4ea48249a4,Patah patah dan misinya nggak jelas,3/11/2020 11:08,playstore
7037efa9-6290-4c76-be2d-7bbd303dd471,"Game Nya Mantap min, Tinggal Tunggu Update Berikutnya Tambahin Karakter tuan Mahalini",8/12/2022 5:03,playstore
870597f7-3a08-4ca9-a0be-6c750058eedf,"next tambahin karakter gua, soalnya gw mau jadi presiden awokawok, game bgus nice",6/25/2022 17:45,playstore
db694837-d6d4-40d7-8ced-73648bacedc7,"Game nya burik bgt dan buriknya lebih dari game seblah,gak bisa di download",2/2/2023 4:44,playstore
a0fadbdb-1566-4f10-ad30-e4d37319b69d,bagus si tapi donwlodnya lama banget bisa 1 jam,2/21/2021 3:41,playstore
7d0d792b-d933-4aef-99d7-9c7db04657b4,Susah banget game nya harus nge cit kayak nya,12/29/2021 2:06,playstore
75f67ac4-8a32-44fe-a49d-c34138416f56,tambh lagi level nya dan bnyakin lgi tang2ngan nya nya.biar lbh bnyak lg yg menyuksi game ini..kren abis,8/12/2021 15:52,playstore
7ef72f2c-838c-4eba-abf3-48745d02c906,Bagus tapi lefel nya terlalu sedikit,7/3/2022 2:32,playstore
2ca78a03-33b6-4232-91e9-ae1029bead02,Tidak bisa dibanding bandingke peran pertama orang Indonesia,2/15/2023 22:14,playstore
cd0ad507-95a4-4b85-9b15-e3ae9df4ba4b,Wow game ini keren banget Rekomended banget sih......,5/1/2021 13:56,playstore
cf0ff455-754f-4366-bde4-913d5360f00b,Gim seru mudah di mainkan overall mantap 👍,8/1/2022 10:46,playstore
0b23c416-654e-4c73-82e3-db8ad7ca755d,"Game nya bagus, tambahin level nya bang salam gey",7/8/2021 8:30,playstore
5bfcf193-e5c9-4e88-9ab8-f74709c69434,Gamenya seru. Tapi masih sering ngebug,1/6/2020 23:39,playstore
9bcca092-8e05-475c-9f72-7c3a3de9feca,"Udah bagus,tp kurang mega chan sama mode ngutang",9/5/2022 0:45,playstore
229ced77-bfcf-4a94-9c5f-6ab6f3efe57c,Game Ini Keren Sekali Karena Saya Main Game Ini Saya Bisa Melihat Ada Tukang Bakso Didepan Rumah Saya,6/22/2021 14:19,playstore
f93e0f72-357b-4083-b73f-9d1d8785ed2b,Game nya keren 😁😁😁👌👌 sekarang BAYAR HOETANK MU!!😂🤬🤬😡🤬🤬😡😡🤬🤬,5/6/2021 2:20,playstore
4781eeb3-6b41-4543-b7c0-b1c7556a6f1c,jika anda sedang stres segeralah instak game ini karna jika anda memainkan game ini stres anda akan hiang,3/22/2022 9:54,playstore
2bc03f9c-dac7-4116-8f4c-e437d30ef153,"Ntah gw yg cupu di mode normal kebawah,tpi tolong buatin heal susah ngisi darah soalnya",5/25/2021 4:23,playstore
1b546837-ac84-4b7d-83c3-d5b9d3d59e56,Buat lagi bang game seperti ini tukang bakso jadi sering kerumah saya,5/27/2021 8:29,playstore
1de5399c-c435-42a2-8cb0-8cecc551d9aa,game bagus bang gaada kekurangan tingatkan lagi pokoknya 👉🏿😁👈🏿,6/1/2021 14:58,playstore
c5471989-8e57-42dc-8d30-69fd95f53d67,Makar moment 😃👌 fitur baret merah ama ngutang mudahan ada di next update 😍😍😍,1/4/2020 2:50,playstore
f9867865-9f5a-4f59-ad63-dc2cf3090526,"BBL BBL BBL Bagus banget lohh,, Kalian wajib download yaaa,, Game offline yg paling seru nihh!!!",7/6/2022 8:34,playstore
607a6eeb-cf62-483a-af40-ea23ae77b1d1,Aku seneng sama game ini game ini Bagus banget aku suka sama pak Jokowi,2/19/2020 7:47,playstore
b3a89f57-b89b-4ebc-85bb-cbb21542edf0,Saya ingin mencoba game pak jokowi ini semoga menarik dan terispirasi😊,10/1/2021 11:50,playstore
a3e842de-2b22-412d-9fdb-38cf1c3b2fa2,game ny sngt menarik dan enak di main kan,6/22/2022 13:09,playstore
5b88a834-169b-498a-bbe8-84032ba2b5bc,Nyesel qw download mainnya cuma satu ronde doang GK bisa next level,6/15/2021 10:24,playstore
49efda16-75f6-4008-ab00-834db09ae3d1,Game Nya Jelek Gak Ada Checkpoint Nya!!!!!!!!! UDAH GUA KAPOK MAIN INI GAME!!!,4/19/2021 1:44,playstore
888c5e27-dd4c-4154-bd8a-850e2949d1fa,"bagus, grafik juga oke",9/15/2025 19:21,playstore
0eeb68af-267a-4e6f-8a32-173d1ef41f77,ga asik karakternya cuman dikit udah gitu skil nya sama,11/4/2022 22:11,playstore
eefd48cb-9d81-41e7-968e-dd312f7417db,Setelah mendownload ini saya mengajak anggota DPR untuk mendownload game nya itung² buat main saat waktu luang,6/18/2021 7:24,playstore
fdb5fafe-5b64-49ca-b3ec-0a699b049c71,Ez win deck udh tamat dalam 1 hari wkwkwk devoloper tolong tambahin lagi level nya,7/8/2022 23:35,playstore
b7cc30c9-8e70-418e-8098-b1bcfb57a1a7,"Terimakasih, game ini sangat membantu saya dalam membangun negara",4/23/2022 21:08,playstore
faabf37a-8cab-4f69-8949-144f8c944ca7,Seru sekali ayo buruan download suport semua hp looo!!!!!!!!!!!!!!!!!!!!!!!!!!!!!!!!!!!!!!!!!!!!!!!!!!!!!!!!!!!¡!!!!¡!!!!,2/13/2022 1:06,playstore
33d1912e-6173-4e4a-af5c-4919e0309d2d,Mantap keren bet dan seru dah itu aja,12/22/2021 4:44,playstore
80d9f087-3552-49db-9a3f-630de77f92fd,Gamnya bagus banget semoga yang buat sehat dan diberkati🤩🤩😘😘😍😍🤗🤗🤗🤗,5/25/2021 16:12,playstore
77178ec3-aaf9-4ceb-999e-a3cff05ece46,"Game ini sangat seru, tapi kenapa pas pake prabowo kalah terus🗿☝semoga prabowo bisa di buff supaya gk kalah teruss🗿👍",7/18/2022 1:14,playstore
a2d8cc55-4fd4-4808-b98e-955c890ebc50,"Gila sebelum aku memainkan game ini aku hanyalah manusia biasa. Tetapi setelah aku menjadi 7 bola naga dan mendapatkan hokage, sekarang aku sudah bisa melengserkan pemerintahan Doraemowidodo. Sekarang aku lah penguasa Indiaesia HAHAHAHA",7/13/2021 9:49,playstore
2ced44b3-4db3-4a22-8f30-9c29f537f98a,game sangat bagus sangat menginspirasi golongan mudah semoga game ini jadi game of the year,8/5/2025 5:55,playstore
5abba4c7-0a37-40d7-a48a-f5f6a17e8e54,Saran min tambahin mode blusukan biar petualangannya kerasa,3/6/2022 11:13,playstore
010369ec-be1e-4d2c-a75c-d447c7539125,Tampaknya aku terlalu lemah untuk berpetualang dengan mu owi kun,3/8/2022 2:44,playstore
360ce396-d848-4a99-8bab-d5555d64a16a,Min kalau bisa tambahin lagi kalakternya kalau bisa katak bhizer mbak najwa dan lain lain,4/18/2022 11:39,playstore
23c35284-dd49-4833-92c2-a61b2a70961d,Upgrade lebih hd lagi bangg + di bagusin lgi,6/8/2022 7:57,playstore
c485f199-e93f-4e94-9d03-0a2a6c947c7f,Setelah saya download game ini saya langsung berani untuk menantang berantem semua orang yang lewat depan rumah saya. Saya saranin buat kalian yang belum download langsung download buruan,6/21/2021 2:29,playstore
c1dfc760-49e5-46e4-9f3a-5bc42f0e68d3,Update Sangat cepat !,1/12/2020 22:25,playstore
329c8365-c6f7-48dd-96b1-db9dee8579c9,"wah aku suka banget ama game ini , aku jago banget main nya , mama papaku bangga sama aku",6/22/2021 14:15,playstore
adf4dabb-8df8-4ce0-829b-70e9d6739409,Mohon ditingkatkan lagi🙏 Kalo game nya kaya free fire/mobile legend lebih seru,3/18/2023 7:20,playstore
f0774ffe-ca8c-4413-87c0-24783674a22b,"Mantap, seru gamenya (Please tukang bakso jangan tunggu didepan rumahku)",2/27/2022 13:01,playstore
7467a334-5a05-493f-a33b-888f04d039ce,"bjir seru lho lumayan menantang dan kocak,appreciate ama developernya🙏🙏 moga ga ketangkep",5/8/2021 13:26,playstore
263da3ff-a3e9-4c78-b41f-41d83b5cbf38,"Tambahin karakternya yang korup"" masukin biar puas",3/2/2021 14:15,playstore
790b8f8c-e777-4b9e-8b22-f38d67811dac,Petualangan macam ape nihh tak seru mending saye donlod racing 3d tak seronok gem nya,3/11/2022 8:26,playstore
2b6a3175-f5f1-4ea6-8ea6-1a74a65ff20e,Kasih healing dong. Lumayan susah soalnya klo ngga dikasih healing,4/25/2021 3:27,playstore
caa4bc1f-6b69-445d-853a-34003dedfe4e,Ngakak gua mainin gamenya wkwkwk seru tapi susah untuk menang,4/29/2021 1:40,playstore
ade69a3e-0ffb-4dc9-87a2-2c89b7906282,Susah banget btw aku suka jumpshoot pake pistol soalnya aku ff.Tzy,6/21/2021 9:40,playstore
662f116b-99ec-402e-9cea-c3af615b30d2,Mantep nih game nya tapi agak laen🗿,9/8/2024 9:29,playstore
21b29141-0817-4052-90f9-aeb3e371e504,"Game yang sangad bagus kawan ,sekarang bersiap siap membeli bakso",6/19/2021 14:43,playstore
ae5cc94b-2d79-4487-b4e8-a3394a9c3914,Saya kasih bintang 5 soalnya gamenya seru kalian harus download terima kasih ih,9/10/2020 6:33,playstore
c6c22fe0-fc04-440d-a7e8-8ccdd8fa1ebd,Keren gamenya bisa dimainakan untuk amnaaak kecil,6/21/2021 13:36,playstore
0e3c438d-078f-46cb-8a44-89fcdff83911,Kurang puas game tebak sulit game jangan lupa,2/14/2021 5:23,playstore
f3c9cb3e-a9d2-4ddf-84f3-f81d9e9698f6,"Semoga nanti karakter nya di perbanyak, dan semoga ada KH. Ma'aruf amin juga ada disini dengan kekuatan doa nya",7/25/2020 23:53,playstore
95f3c58b-eebf-43c6-a844-546f3fffc84e,Game pak peresiden jokowinya bagus dan lucu,11/12/2021 6:46,playstore
b416d963-d045-43e2-86df-39e0a974da6a,Game ini bikin gw rilex makasih bang semangat terus ya bang,11/5/2021 6:34,playstore
8d858917-57f9-4264-b9e2-69ec4fccd23d,untuk developer semoga gak ilang ya bang wkwkwkwk,3/30/2026 9:55,playstore
56e605cd-0241-43c2-a548-3fc359900ef9,Bang Napa musuhnya kebal semua pas gw tonjok gak ada damage ya bang,8/26/2022 6:36,playstore
069ab871-b81a-4597-ac07-faa5d6d7ae6c,Kata Kontominfo game lokal sangat Baik,7/31/2022 13:15,playstore
81621f39-85fb-4f97-a380-6b4aef710448,"Gamenya bagus, tambahkan chr puan Maharani ya bang",8/6/2022 5:29,playstore
3422b086-3d94-47e5-acd5-fcff68af8ce7,Lebihin Banyak Karakter.. Seru Nih Gamd,5/26/2021 4:49,playstore
1f8b1cbd-7ebe-4df1-834d-8cc9dc340256,Buset yang maen pasti bocah meme semua,6/25/2021 13:22,playstore
a97d9ec3-bf96-405f-befc-0d3ad6b5cc08,Game nya sangat seru dan keren..,5/4/2022 13:07,playstore
5a3a8d97-4a73-4745-8c30-42bf7ed267af,Karna ada jokowi saya kasih bintang 5 tapi kalo ada alok desah bintang 000000,12/30/2021 10:08,playstore
f908bf26-6fb5-4568-a497-354f4f15b1bf,Petualangan ceban Petualangan ngutang Petualangan makar Petualangan PDI petualangan jack owe petualangan cebonk Petualangan kadron Petualangan 3 periode :v,6/13/2021 6:37,playstore
7810e27f-0996-425b-967f-c9cafbbb26c2,"Update selanjutnya tambahin karakter Anis Baswedan, terus levelnya dikasih story🗿",12/30/2021 4:37,playstore
ed58d3e5-0784-4aff-b708-213e34c1c705,Game jelek cepat mati ga ada tambahan nyawanya,11/13/2020 2:14,playstore
4d2d03f6-4392-4adb-8147-7778485de650,game bagus tapi agak ngebag segdikit,1/15/2023 12:30,playstore
ee65c974-a0e9-42af-a1c0-de16327103d7,game nya sangat bagus dan saya ingin kesoli sebagai rakyat biasa,12/5/2025 10:43,playstore
1bdfd10f-929b-4fbb-9927-6c87f798c4cd,"Min..asli sih ini game gokil banget, sekedar saran tambahin karakter habib bahar dan rizieq dong biar kerasa MMA nya wkwkwk",5/2/2021 14:17,playstore
58688172-34dd-4354-b508-841eaf1674ea,Terlalu susah pengawal nya susah si musnahin,9/27/2024 2:25,playstore
b0bf869e-3c9b-4218-9dff-6f51c915f217,Jeleknya di Indonesia yang lebih baik daripada mengobati,1/14/2020 0:54,playstore
96f779f2-d1a6-445f-834b-bcea1bfa871c,bagus banget game nya !!!!!!!!!!!!!!!!!!!!!!!!!!!!!!!!!!!!!!!!!!!!!!!!!!!!!!!!!!!!!!!!!¡!!!!!!,8/27/2021 8:25,playstore
3a6e8039-9bf3-42c6-b15b-87bbe613923d,"Tambah karakter lain dong,msh ada bu mega,puan,dll",2/7/2023 3:27,playstore
6c50ae7d-e033-4c58-9c00-96e3c6936365,"Game seru,sampai sampai saya ingin menjadi 3 periode",5/19/2022 13:19,playstore
5fce3408-1025-4eae-a534-d2c8b7084212,Ini Game nya Offline ga sih Saya ini sedang Donlod,8/25/2021 4:44,playstore
b1388f06-d21a-491b-89e5-3364e5332399,Asik nih game tapi agak ada yg ngebug,12/8/2022 10:38,playstore
6685fbca-f53d-422a-8be1-887b3f4f5f79,Lumayan rame gamenya ajiib ah mantap,7/4/2021 21:35,playstore
0cd2045a-1e45-451d-a37e-2beab170d1c2,Game nya seru banget dan bagus banget good 😉😉😉😉,5/5/2021 7:47,playstore
cdb030e9-33a1-4dbd-9ca5-7527c279cf72,Udh win ah lawan HERU KELINK ga ada lanjutannya lagi? seru jink,6/3/2023 14:05,playstore
917c899f-1221-4776-a3a2-2895e8acc8e2,Walaupun saya belum memainkan nya saya yakin game nya sangat seru dan semoga Mama mu bangga akan hal ini!,4/26/2022 14:52,playstore
ceb7b79b-b25d-4f6f-a19d-6c170ff2012f,"Kurang karakter habib Rizieq nih, trus juga tambahin fitur upgrade nya",1/4/2020 7:39,playstore
d12c1f1e-becd-44a8-bcee-e6aaed3e44eb,Gemesnya bagus banget de pokoknya,11/1/2021 12:52,playstore
4a555e2d-debc-42c4-a4a8-b6906cbfa70a,GAME NYA SIH UDA LUMAYAN BAGUS CUMA MASIH ADA KE KURANGANYA YAITU CARA MEMAINKAN GAME NYA AGAK SUSAH JUGA TAPI NGAK PAPA GAME NYA LUMAYAN SERU KOK😄,7/6/2021 13:57,playstore
af40fc9f-7f91-4f52-9e85-586bb27d4896,YNTKTS Mantep nih bisa nguetank dlu..,6/23/2021 23:04,playstore
000ea81f-c6ec-496a-9620-08253bbc8f66,Bagus cuman di stage akhir kok aku ngebug ya,10/31/2021 10:31,playstore
776c60f5-07b6-4f98-986d-b07d48a407a3,"INI ORANG YANG BIKIN GAME INI TERIMA KASIH YA,KARENA SUDAH INGAT PADA PRESIDEN KITA",11/2/2021 12:02,playstore
37d25ec4-b0a5-45a9-9a2a-e183d48ea2c2,Suara editannya gada obat jirrrr............................,6/10/2021 15:37,playstore
23b28e59-3149-4888-b716-9213a5c079d4,"Wah ada game pak de nih......aku harus kasih tau bapak aku,pasti dia seneng klok tau ini,karna dia fans banget sama pak de...apalagi kalok soal hutang,dia sangat mahir merayu negara lain",5/28/2021 15:22,playstore
02c3337a-f4cf-44e3-894e-fde56bdbc9b9,"Serius nanya, main ini aman ga? Saran : tambah skin Soeharto keknya keren.",6/18/2021 13:44,playstore
f5979fe0-009f-4481-a790-96fbe72faf11,Keren njir udh kocak bagus pulak gameplaynya,9/4/2021 20:07,playstore
dd8c8746-2e92-4777-aad1-23144f8f248d,Jangan donlad game ini. Yang membikin game ini gk punya otak masa sih presiden dimanin emang nya presiden kita itu. Boneka ap......? Bikin malu aja Tuh gua kasi bintang satu pertanda kasihan saya,6/24/2021 13:11,playstore
99cb695d-8486-464a-8c1f-609abef0170a,lebih bagus dari game upin ipin universitas wkwokwowkwkwowi,7/28/2025 15:57,playstore
67f27aa8-3449-4299-9469-27888c012287,Games ini sangat baik untuk bisa jadi orang sukses,7/1/2023 4:55,playstore
45fcaf17-2331-4859-8145-2645b74219e2,Ni game susah banget padahal masih level 1,2/12/2021 0:29,playstore
8c2648f7-87c2-4fec-881f-45c81ad8639e,Game bagus kocak ajir pak jokowi joget lawan wkwkwkwkwkw,1/8/2020 12:55,playstore
4a566c68-0ca1-4e9f-a80b-e009b67ec63b,"Hhh game nya kocak,seruu kalian harus donlod",1/30/2021 3:32,playstore
055af68e-9e63-424b-9dda-ffa0cfa45db3,Game nya selalu bikin gua ngakak cok awok,2/20/2022 6:54,playstore
3e4aef0a-aea5-4175-beb6-b399ef00c4f3,Game apa sih ini ajg kok ada jokowi.tapi gpp lah seru sedikit,2/14/2023 5:42,playstore
48eeb42e-a147-41a1-a79f-c0a07cf58bcf,wow jangan lupa tambah kan fitur nanam sawit nya ya wok dan tambah kan juga Bahlil udah itu aja wok,12/29/2025 11:45,playstore
cc40b6c7-387b-4d1f-881e-d493369c752a,"Sangat keren bro 😎👍🏻, semoga lu aman",5/11/2022 5:27,playstore
41a10f15-865b-4ed2-af7b-bccbb18f46e2,gamenya lebih bagus dari pada Upin Ipin universe,7/27/2025 3:06,playstore
d91582c5-6205-4203-8fad-fe1b4c832afb,"Kalau saya yang main menag terus, terus yang EINSTIN Susah sekali",9/8/2021 5:35,playstore
552afdaf-4110-4442-bc7c-5f12509aa34b,Bagus guys permainannya buruan donlowad deh pasti nagih 🖒🖒🖒🖒😎😎😎,4/26/2023 14:09,playstore
a5ba42a5-4b55-4b79-a70c-9b2ec077ece5,Kalo bisa musuhnya agak di lemahin dikit soalnya saya mati mulu kasian pak jokowinya,6/1/2022 10:15,playstore
55253760-979d-44a0-b11a-9322044e0648,Game yang bagus buat anak meme seperti saya,4/22/2022 21:15,playstore
ae45e869-b677-404d-9336-00d1d43a5353,"gamenya lebay banget -harusnya ada adegan masuk gorong gorong -harusnya ada karakter megawati, tompelnya gedein -harusnya musuhan sama habib riziq",8/2/2022 23:41,playstore
31f6169b-ac07-4afa-ba83-2f204aedd4b7,Control nya enak. Gamenya membosankan,4/22/2022 11:36,playstore
919ae147-c0fe-4aa1-b35f-a2761a2ba232,gem nya bagus tapi kalau ada tni polisi lebih bagus,9/20/2021 4:40,playstore
b665ea27-74ac-4598-8861-55725a1fcbf3,"Bro temen gw main ini game kok ilang ya, btw gud game",6/24/2021 1:06,playstore
ee819077-33b0-48d0-b91d-eb6dae276b8c,Game nya bagus lebih bagus dari epep,2/15/2022 3:07,playstore
da3d68f6-5a6c-4e3a-bb4e-d1aaad55a755,gamenya burik kurang hd bikin sakit mata,3/26/2026 17:20,playstore
a1868250-f0f6-4f6d-ad29-a540548f319e,"Harus nya di tambahin koruptor banh, biar langsung adu mekanik 🙏🙏🙏😎👍",12/30/2021 13:44,playstore
7f399d18-dfac-4aa8-98f6-e92e1dd7e87b,Gem nya bagus tapi boong hayu papaleppapa awoakwokawk,6/30/2022 23:20,playstore
fb18e240-5149-4c61-952d-beed50ae97ad,Saya belum main belum download gatau tu game tapi kocak sih,7/8/2021 10:31,playstore
2052ccde-65c5-4660-b53e-7c5bdef3d313,Ku dukung ya gamenya keren apa lagi ini game anak bangsa,10/16/2020 5:51,playstore
00d5b2c4-51af-4f7a-a8ac-0d501add8455,Tambahin mode jamsut yang area + recall recall sama emote jaya esport dan tambahin karakter baru,4/23/2022 2:59,playstore
ae44b0cf-759e-4fda-88ce-0d39fa0cf206,"Setelah saya memainkan game ini malam"" depan rumah saya ada tukang bakso dan akhirnya saya beli bakso tersebut eh ternyata saya diculik",6/16/2021 15:25,playstore
d46cbfd6-f1ad-4fcf-b449-c96a020ed6b7,"KEREN SEKALI, SAYA SAMPAI KEKAMAR MANDI 10X. INI GAME YANG SANGAT COCOK DIMAINKAN OLEH ANAK MUDA YANG SANG"" SAMA JOKOWAI",10/8/2025 2:38,playstore
64d0e93b-b4f5-4a93-908f-61ac4cf7be7c,Tukang buat game ini ngak ad otak nya,1/4/2022 11:10,playstore
66cf4424-b2c0-4dce-92c2-6ef05734023e,"Waw setelah saya download dan mainkan ternyata seru kawan, dan ada tukang bakso tiba² di depan rumah",6/17/2021 14:47,playstore
26f2c1b2-9397-40b0-a030-1d88ef720494,Tolong dong gan biar lebih kuat lagi,5/9/2021 4:09,playstore
058c433e-8c60-4f1a-a1fc-6151e0442e89,Bagus sekali dan mantap🙏,5/6/2022 11:15,playstore
31d77220-4da7-4ff6-ad4d-8a7a0975e1b7,Game ya gx seru kurang bagus Jelek aku beri bintak 5 untuk jelek ya game ini,12/25/2021 4:13,playstore
260c9417-a233-4eaa-811d-c20c87f9c443,Game nya seru bikin game yang lebih seru lagi ya bang,5/30/2021 12:13,playstore
c92b4319-5e33-4ac1-8636-dd32dad902f5,Setelah saya memainkan game ini saya mendengar suara bakso ting ting so bakso,6/21/2021 3:14,playstore
202073d0-4317-4ba1-86e6-0e211f93d96f,gamenya seru+lucu ngakak wkwkwkwk tolong bang tambahkan lagi levelnya plis bang,1/12/2023 12:27,playstore
fb7461c6-f796-4008-9355-bc9e3e0993dc,Terima kasih depopeler karna apk ini saya di ban dari indo,3/14/2021 11:55,playstore
3d50cf86-75b0-4b22-bb43-8077421d0b63,Game ini ngelag saat aku pake siapa gitu terus ngelag jangan donlot,10/10/2021 10:37,playstore
efc0dbfa-b5e3-46f0-bb02-43b33db759e4,Hero nya dibuat lebih kuat lagi dong,8/3/2021 5:19,playstore
16439962-d7c9-4b7c-aa4c-e5becfa96086,Tolong bantu saya cepattin download nya ya terima kasih saya minta tolong cepattin download nya ya terima kasih,1/16/2023 15:11,playstore
0171d01b-2ac1-47c8-8c7e-9ce11f279812,Mantap game nya bagus sangat menye-,6/7/2021 2:43,playstore
20179903-a3bd-4760-9321-d1edc3d2758d,"Bgke parah yg buat game ini 🗿,hanya di RI presiden di jadiin game🗿",12/30/2021 0:14,playstore
2378fad9-fe03-4c99-a658-8e30da120d4a,Game nya sangat ramah cocok buat membasmi koruptor laknat,4/22/2022 10:55,playstore
3cebf5a0-915f-4d15-ad02-3fedd27ee3f0,Et dag sumpah game ini gregetin😑😑 tapi bagus hehe,10/31/2021 16:35,playstore
47ff3b9e-712e-4a51-9ce4-2b1f7b8e2981,jelek ah karakter nya kgk bisa comlay pake rinso🐽,9/17/2025 15:10,playstore
37a5d11a-5d06-4c3a-8ab7-1efb5ea5ad04,Grafik analog musuh ngeselein perbaiki yah,8/28/2020 15:34,playstore
b97b3837-6b6b-4bf4-bdb6-8680d47b3267,Bagusss....tapi sering Ngelag.... Saya Bakalam Review Di YouTube Saya Namanya Dezta Official !!!,1/7/2020 11:01,playstore
d4f7ec0f-ce05-41f7-94a4-de2fca111d58,Game keren sungguh keren,7/31/2022 6:35,playstore
f153b88f-15fc-4f2b-9a8d-e915ac91e53e,game nya seru tapi ahok lemah banget satu pukulan langsung mati,5/19/2022 5:46,playstore
193cf8bd-df9d-4fc3-987e-62e5aaafc854,Karakternya tambahin dong ada wapres nya juga sama presiden jaman sebelum nya,5/24/2022 23:40,playstore
7225c9f1-14a5-4332-9423-f6676f9310f6,"Nggk ada orang yg peduli, lemah karakternya. Misi pertama udah kek lawan raja",8/1/2022 20:14,playstore
7f2c829f-efc2-4f75-9b72-c309929a0a25,"Game nya bagus dah tu aja ya adek""",1/14/2023 10:35,playstore
1efeac91-f6e0-4ad8-9568-d595173d2818,Permainan apa si nih? Masa kalah terus? Gimana sih cara mainnya? Musuh kok ga mati-mati?,12/10/2020 4:17,playstore
6bd97965-d300-431b-a4e3-175d0e391dc0,Gile cok seru bnr dah gama ny!!!!!!!!!!! Makasih creator Indonesia Semoga kedepanya bisa lbh berkembng lgi,5/11/2021 4:57,playstore
2ddfba7f-ee2f-41f3-b050-358393e5f53f,Saya kasih B1 dlu krna saya baru nyoba game ini bila game ini seru bagus dan menyenangkan baru saya kasih B5,2/23/2021 8:59,playstore
dabe7ac9-1361-49c0-8f07-b86a450c65b7,"Kalo bisa bikin karakter yg memiliki squad seperti squad PDIP, Golkar, Perindo, Nasdem dah itu aja",6/21/2021 0:51,playstore
25e0cb6a-c810-4392-9ed5-c9acf9447bec,Eh hati hati yang buat game nanti ada tukang baso depan rumah .,7/1/2021 9:31,playstore
bc7ba430-50db-4afd-b30d-53600a7c3290,Jokowi jadi permainan aneh tapi kayak nya seru,3/19/2021 9:47,playstore
f9d16888-f096-4556-ab9c-43c6135e75ba,Anjay ni game seru bet gua langsung kasih bintang 5 dah seru bet!!!!!!!!!,11/23/2022 22:55,playstore
5a574429-5d18-44c0-9eee-50a9731d9864,Minta di update banh pak jokowi nya jalan mulu tambahin buat bisa larii dongg :v,3/23/2022 8:10,playstore
9f194346-eeec-420a-9d62-4548ed9c21e0,game nya bagus dan kocak,6/28/2026 6:09,playstore
028742ac-bd53-4e5d-b513-d1b548492bef,"Keren aplikasi bang lebih bagus semua karakter pejabat lord luhut,mba puan, mba megawati,kanjeung dimas,fredysambo udah segitu ulasan dari saya 🗿🗿🗿🗿🗿🗿🗿",11/15/2022 3:22,playstore
57dc5213-5a64-46e3-81de-612482e56f4c,"Lucu game nya, btw tambahin healing donk",9/6/2021 14:20,playstore
c78a0a29-8e9e-420f-ab09-cfef975a76e1,Mantap seru banget gamenya,7/26/2020 13:13,playstore
f860c879-798a-416d-a734-e7600541916f,"Tambahin adegan make a car, sama fitur utang ke cina & planga plongo",1/7/2020 6:10,playstore
40e6e15d-b72f-4b44-9ad4-78b7314e8ed5,"Lambat banget gerakannya Jokowi, Jgn ngikutin aslinya dong",5/14/2022 0:10,playstore
be118319-1efb-46ab-b80e-0ab76937725b,Coba dia awal game di kasih senjata ya katak bijer,3/25/2022 12:15,playstore
83411460-3785-43f0-aa08-9aede2a7c01d,Developer game ???... Masih hidup atau dah ilang????,11/28/2021 3:01,playstore
f9cc2c90-8d87-4e17-8916-d40e6121308c,Keren cuy sampai gak stop main,8/15/2021 14:30,playstore
983b89b3-172f-48a5-a858-0251a2de9c59,"Bagus sekali,lanjutkeun!",7/15/2021 5:53,playstore
61f4b4bb-7d4a-4e9d-84f0-261a65844907,Gamenya bagus jokowi dan prabowo sangat jago bertarung,4/26/2022 10:39,playstore
39acfb28-d031-4dd2-91d1-105aea672351,Yang lawan mode gamer lawan nya tebel njir,6/17/2021 4:24,playstore
fb089d28-3f8c-4dfa-acc7-bc647fd20447,Halo nama saya rudi baru donlodw permainan jokowi karna saya kasih bintang 1 aja mau cobain cara mainnya,4/27/2021 13:56,playstore
bb00f050-3c4e-46af-99e4-8e4857f86f8d,teringat aku sama game kamen rider ex-aid gamex seperti ini jg... klo soal game serahkn saja pada qu,12/12/2020 5:32,playstore
2f602fa9-6c73-4ccb-ac09-ca34d5a71486,"GAME MANTAP, SUDH SAYA SHARE KE GRUP KELUARGA 🙏🗿",11/27/2021 13:20,playstore
94701250-11f0-4d39-9abe-e1d0a4633837,Gamenya bagus banget aku suka sama yuyun,6/5/2022 5:41,playstore
925a62be-9256-447b-812d-6032dcf3ad72,"Game ini mengandung tukang bakso, sampai² di rumah saia banyak tukang bakso",9/5/2022 2:38,playstore
df6d27d9-f882-4314-8cc9-baa2b86f1309,"bagus aku sih yes, tapi lain kali dibuat bisa mabar biar acimalaka",8/28/2022 14:06,playstore
a4e09e31-ccf7-4130-8254-d726df5ce650,Game ini bagus sekali bahkan saya deg degan memainkan game ini,6/23/2021 1:44,playstore
39417dba-939b-4ace-81c6-49e607d3b475,Wkwkwkkw game nya kocak sampai anak nya main,10/24/2021 1:21,playstore
e97e835d-8c2f-4622-8ed5-9a05fc9e7e8b,"Kalo kalian kesusahan melawan musuhnya Kalian bisa cheat pake ""bukan urusan saya"" Sekian makasi ☺",8/29/2020 13:46,playstore
61aa90f0-2ffc-4842-a04b-b2d880c1ad14,Gem seru tapi susah juga yah,12/12/2021 8:22,playstore
aa198b96-45f6-4b07-8cd5-8c8f0beb8e59,gem nya lumayan tapi gw saranin tambain pki terus nanti gem ini di ubah jadi gem betel royal kaya fre fire,10/1/2020 14:15,playstore
ee692b8e-e51c-4f1d-a0c0-21de321b7e34,"Setelah memainkan game ini, saya jadi bisa menhoetank",6/21/2021 20:14,playstore
97fc931e-7366-4034-abd1-6bd9d8ff04f4,Mantap bang game nya baguss,9/21/2021 6:56,playstore
e10abad2-3e48-494b-9c31-a2da315a8ba5,sengaja kasi bintang 1 karna hero mega chan alias mega Wati belum ada pliss di update biar makin rasa muaknya dengan pemerintah 👉👌👉👌👉👌💦,7/25/2025 17:01,playstore
fa229905-e6e3-49b5-8352-1e15ca746e1a,Seru cuy Coba download deh Terus kasih tau ke pak jokowi,7/2/2022 12:17,playstore
5dff6187-3698-438b-9110-be85284b1994,Gue kasih bintang 5 aja sepertinya game ini sudah bagus lah akan mencobanya,9/3/2020 15:57,playstore
1ddcb3dc-e6fa-462b-9b5b-c53d6a444545,"Mantab nih, jagoan saia ya tentu pakdhe owi, saya kasih 5 bintang 👍😁",7/21/2021 4:28,playstore
c886d2d4-abfe-4c0c-bc63-0974575c1c9c,Game burik aku aja baru cobain pokoknya jangan download titk,12/6/2022 12:17,playstore
4f58e100-ab6b-4322-a3f2-a527633a4d98,Cepat banget tamatnya game pertualang adventure jokowi,1/19/2022 6:21,playstore
a15d5f43-de23-4e7f-b735-2740c204d1b2,Game nya seru banget aku jadi terhibur🤣🤣,10/31/2021 14:09,playstore
131e79f8-dee1-4a28-896e-70f20c4e4959,"Mantab, game simulasi pemberantasan korup",7/5/2021 2:42,playstore
aed426e2-f14f-4919-8904-eff762580785,GM nya ngakak anjir tapi kurang bagus juga,9/11/2020 4:16,playstore
fea98fbc-c696-4a59-ac1b-7b9c00f366a8,Saran bang tempat nya di rumah gw aja boleh kok asakan bayar 700k biasa butuh duit,3/24/2021 7:45,playstore
de485a03-84eb-495c-afea-f5ae6a0da44f,gw kasih bintang 4 karna kalo pake jokowi enak bgt+gw blum download jire,2/23/2026 17:03,playstore
e88b7bf3-c724-450e-b2e8-c2cc82eea10e,"Mantep nih game, gue user pakde jokowi yang laen mah lewat",5/3/2021 12:20,playstore
0e047c93-e6bf-43ce-a57a-886f25358b11,Game nya kurang seru pak jokowinya ga pake baju pdi banteng merah :(,4/29/2022 12:05,playstore
85645bf0-fe8a-4fad-841f-ee0bf34b6285,bagus bang gamenya gabut aja jadi ngasih bintang 1,2/9/2022 4:21,playstore
7382a9c3-1438-42e8-9bcd-30efb320a14d,Bintang 1. Ultimatenya ga sampe 3 periode,8/3/2022 13:57,playstore
e4c549ea-e685-406e-b1b6-9078b84b766b,Game nya bagus banget sh hahah,11/29/2022 19:12,playstore
22741121-bddd-459d-925f-ce5276f89708,"Untuk admin Musuhnya Harusnya ditambah seperti Helena Lim, Harvey Mois, dkk Yg lainya. Biar lebih seru lagi",4/8/2024 5:02,playstore
d7b5a503-bb9f-4705-a00d-cccfd066fa0a,Kalau bisa di tambahkan tempat dlll,11/5/2021 2:32,playstore
0699b19a-7ac7-4b5a-a8b8-2f4845100cce,"Gane nya ga seru anjir tapi pas gua maenin kok seru ya, aneh bro",7/17/2022 14:49,playstore
99e3f476-285c-479a-bffb-e16a467413e0,game ini bagus karna aku selalu memikirkan sawit,3/27/2026 2:02,playstore
3ca914b7-22b6-41af-8ec6-e9fe6d6e52ac,game ini tidak bagus karna pemerintah tolol,5/17/2026 2:09,playstore
d6fe5b9e-776b-4dc7-bf9a-b32d0e50a683,gamenya kek jmbt engga ada zilong sama Alok😎,4/11/2026 0:15,playstore
719986ee-1345-47bd-8476-1f8ad03e759b,gak ad Gibran Ama Bahlil tambahin dong bg sama Sahroni juga kalo bisa hehehehe,3/23/2026 5:54,playstore
2b005abb-fe8a-4195-85a9-4cdb9d06d571,absolute cinema buat developer nya🖐️😐🖐️,3/9/2026 8:00,playstore
8fa13a38-5814-4391-b69e-12fbfe0bc619,saran dong adain karakter gibran,5/13/2026 13:12,playstore
131cf8a0-cec9-4076-a415-55150ce03d1c,GAME INI SANGAT DI REKOMENDASIKAN UNTUK NGABUBURIT HIDUP DEVELOPER 🙋,2/20/2026 4:50,playstore
b218f501-7015-4cfb-82b1-76beeb507530,baru tau jokowi jadi mafia nanti update ya tambahin bahlil sama gibran dan kaisang request nanti bahlilnya jadi vampir penghisap etanol ya sama ada sawit juga okey segitu aja terimakasih,2/28/2026 15:30,playstore
756281e2-a930-4ee0-a98c-9e59a7c0aa0d,"game burik, bosnya susah dikalahin tol0l👹",2/27/2026 7:43,playstore
2116498c-356f-4f56-b8b2-2b96cf1dfddc,Gamenya bagus buat isi waktu luang😉,4/11/2023 14:49,playstore
5e0fca1d-ce36-4bd2-935d-e2eefa8987cc,Keren ni game buata indo lagi salut gua nih...!,1/11/2020 9:26,playstore
69726f2d-8663-4925-b367-b0768780d15e,Bagus tapi kurang bantengnya aja,8/19/2021 8:33,playstore
6ae8b930-b46f-4ebf-94a5-9d3e2cd054bb,update selanjutnya tolong tambahin karakter soeHardto plissss....😋,11/9/2022 0:00,playstore
f518246d-c90d-4949-b2cd-a625e927fb5a,Game tai tadinya mau saya kasih bintang lima karena mengusut tema si Joko eh ternyata ada Ahok juga jadi saya kasih bintang 1 aja anjg biar turun rating ni game,8/8/2020 11:02,playstore
333d8aac-da87-4a71-b7e9-24b20d29b70a,game nya bagus🥰,8/9/2026 9:41,playstore
08410315-1995-4c7f-a60f-425161245272,Untuk roberto kamu bodoh saya coba ini game petualangan,4/18/2022 22:28,playstore
abe9feff-6a0f-4894-883f-8b8ad11d3af1,saya kasih bintang 4 dulu ya kalo ada sandia uno saya kasih 5,10/9/2020 14:21,playstore
47c799e5-6e92-4fbf-820a-a1611783a780,Setelah bermain game ini saya dijemput orang jam 4 pagi huhuhu mengsedih.,6/18/2021 13:11,playstore
8edb3d97-5343-49a3-9528-d63be4f5538e,Bagus kok buruan instal😊,1/3/2021 1:36,playstore
2c6abc6b-50e6-4db5-b8b6-4f6f6f1dffd8,"Mint, tambahkan fitur ngutang ama jagoannya ditambah bang luhut masukin.. Pasti op beud",8/9/2020 12:14,playstore
164e706c-0d37-4368-8c31-c954a1c7cbb6,Saran menurut saya banyakin lagi karakter nya,8/17/2021 13:52,playstore
70041390-a3c3-4904-98bd-f161a0676ed9,"untuk sementara saya kasih bitang 1 dulu,klo udah dimainin saya tambah bintang lagi",8/30/2022 9:44,playstore
c6971096-57f5-482f-8147-852d557cbf9e,Semangat devloper bikin game nya,10/11/2022 5:25,playstore
9a4364a9-e9fe-43c4-9516-d7d48baa7e2a,keren gamenya karena bisa cosplay jadi boneka PDI,6/17/2021 0:29,playstore
c6ac5742-2aa9-465d-b907-a35a37bd6f73,Ini game nya jelek tapi ngakak Cok hahahah🤣🤣🤣🤣,3/6/2021 7:15,playstore
9f6fc27b-db28-449c-bb64-0c1c97b614c0,Hanya di Indonesia presiden dijadiin karakter game bintang ⭐⭐⭐⭐⭐,3/12/2022 23:21,playstore
c7813e2c-25b0-4984-a841-14cf63efc625,"Gamenya ga jelas, Sama kaya real presidennya ga jelas",1/4/2020 2:27,playstore
02b6471b-7f12-4c77-b95d-53f52ee08ec9,Setelah saya main game ini saya jadi semangat korupsi bansos,11/23/2021 10:43,playstore
9f7a45d2-10fa-4b9b-a480-e0ae16b33078,Mantap Game nya bagus ko,4/10/2022 6:30,playstore
d33ca2b7-f3c0-481f-8d00-88ea62eee81e,"cuma 5 level doang, terlalu ez",10/15/2020 5:33,playstore
8a755790-994e-43e0-a373-2425ed536db4,Game nya bagus cuman belum perna maen ini game aku hamya ikutan komenan aja,8/15/2022 16:30,playstore
25eaceb2-fda3-43b5-9990-e1115c02422d,Gw kesini gr gr tik tok.Game Ini Lumayan Seru Juga Menurut ak,10/26/2020 1:20,playstore
3be2e35e-a852-405b-a691-0d9f00df01ab,Game petualangan jokowi nya sangat mantaaaaaaapppp CING,2/18/2022 18:07,playstore
c63c846e-1ab5-4f0f-bb7e-48f989779078,Game nya baik untuk di mainkan untuk yang lain juga,3/15/2022 0:03,playstore
da890d2f-ca7f-4cc7-9974-50a9cd2f8200,sangat wowo dan pria solo,4/27/2026 13:24,playstore
b2d2a4fa-ddcb-4149-b22e-e57836bdc5e2,gem ini bagus sekali iya bener,5/30/2021 5:18,playstore
1c0f766e-09c4-4090-86eb-ed20c95735c7,Pasti anak ep ep kalo rate banyak tanda !!!!!,1/24/2021 15:42,playstore
16d1bc0b-1767-43ba-858c-1c4138e40afd,"Good,tapi sayang cuma sampai LV.5",8/14/2020 12:52,playstore
ddd13f97-8a53-4794-b903-cd3d3587636a,Efek suaranya mantap 🤣🤣🤣,10/21/2020 1:21,playstore
9f76db29-1199-47fa-af03-283525fe54d6,"Tambahin karakternya aja terutama banteng sama Lord Rangga,segitu aja min saya mau makan bakso di depan rumah",6/19/2021 2:41,playstore
284f51e0-e4c9-4d51-ad54-219276a1ce66,"Lumayan lah, tapi ga ada penyembuhan / gmn ni?:v saia mati trs wkwwkwkw",1/7/2021 5:36,playstore
bdbcfe16-b891-4267-9fd8-6b24d5b99ada,"game nya bagus banget bg , jangan semangat 😁😹",12/3/2025 7:45,playstore
4397a558-f59b-4966-b08d-297db087fda6,Saran tokoh publik Indonesia lainya seperti dr Corbuzier.abu janda.oma irama .dll,4/21/2021 8:48,playstore
0b3417e2-5a8f-441c-b875-218c25d00f2b,Ini game agak kurang menyenangkan,8/8/2020 2:26,playstore
6e106f48-fcd8-4e11-85d5-ed25c63a8348,"Ting ting Ting.. Bakso mas~ 5k seporsi, nanti langsung dikirim ke rumah lu 🧆",5/9/2022 12:20,playstore
4b82da63-efba-4f2e-8dc6-4043cc9c46f2,Wah mamah game ini sangat bagus👍🏿,5/26/2021 5:12,playstore
3ee6286c-165c-47bd-92e6-b317d42639b1,game burik pelindung kita hilang kalau ditinggal,12/28/2025 9:58,playstore
c8ec4393-d784-4b69-ab56-34799e028f52,Jiwaku membanteng setelah bermain game ini🗿,6/1/2021 3:47,playstore
26765de4-63b2-44ee-bfae-19a081ebf694,game nya bagus ku kasih bintang lima,1/12/2026 11:31,playstore
6e13acf1-fe9e-4fe1-a0b8-4475cf018b76,Jokowii gx tuuuuu wkwkk.... btw bagus jugak nii game,4/16/2022 12:29,playstore
77412f09-b7c8-408c-a04d-8ab5ee7719ba,"Tambah kan skin pp,kang bakso,mie ayam , dan tukang mainan yang bawa alat penyadap",6/24/2022 7:08,playstore
b2215c7f-5b59-49bf-9c21-f68129bb039e,gabisa diinstal awokwk,2/22/2023 5:06,playstore
558d9e72-bf84-4c1f-a642-c1abf94c9b7a,GAME SANAGT BAGUS (bug klo mati masi bs dijlnin tlong di bnrin),3/18/2022 2:56,playstore
c38d93dc-2269-4753-b7f1-f0c4b3576a5a,Ksk ada habisnya yang ada di Indonesia dengan cara ini dapat digunakan untuk membuat kulit wajah yang tidak pernah ada di dalam negeri dan wuwe ada yang ada w ada habisnya tidak ada komentar yang ada yang tidak bisa di dalam tubuh ini bisa jadi karena itu ia juga tidak pernah ada di dalam negeri maupun luar kota atau kabupaten Bogor dan wuwe yang tidak pernah tahu ada habisnya yang ada yang tidak bisa di dalam tubuh manusia yang tidak pernah ada di dalam tubuh manusia yang tidak bisa kita lihat,7/23/2021 10:09,playstore
b0ff8d21-62c4-47f9-9840-d2273988715f,hero nya lemah² cok perbaikin dong game nya udh pake nama² tokoh politik hibat masa di game jadi lemah apa emang juga lemah,8/9/2020 3:09,playstore
9885f106-db54-4ddc-a1aa-76f0233dc3ea,Geme buatan anak indonesian gk ada obat,9/18/2021 23:45,playstore
667e591c-01f6-41ca-8483-d134304c1123,Maaf bukannya saya menghina tapi ada yang ngomong kasar mohon di perbaiki 🤗🤗,4/27/2020 10:03,playstore
2f477faa-dfcf-4ed3-b61d-5049b4cdbe98,"Jgn ragu samagame ini, donwlod aja",11/11/2021 7:14,playstore
07c1b167-5de2-49c1-be90-cd7a0ba927b1,"Bintang 3 dlu bro, baru mau cobaiin ini",7/10/2021 8:56,playstore
89d2883b-6c43-4276-aaf2-4d5f27254b69,"Gua suka sama soundeffect nya, anjing dada gua sakit",10/5/2020 16:12,playstore
8e175757-96b5-402b-8a02-a554814b3fb3,tolong buat developer buatkan jokowi vs prabowo dijamin 1jt yg download 🙏,7/27/2025 9:18,playstore
ca4d4ee6-f0a5-467d-a152-f32a4b4c5fd4,Wah gamenya bagus banget tapi boong,7/21/2022 11:17,playstore
b2f08769-25b5-491c-88cc-8f1e8a1bef73,Sedikit Saran kalau bisa di tambahin Megawati Jual pulau eh,1/13/2023 0:53,playstore
907ebfc6-7da3-4b17-897c-9105ff534032,saya suka game ini karna saya sigma skibidi 😹,9/9/2024 6:44,playstore
b9af07fb-42a8-4162-9363-8f15e0ef5ed1,game nya seru udah gitu aja gw males nulis,9/9/2024 10:09,playstore
5d6b0a6f-4085-49d0-8a6e-b41c757b4421,keren bgt harus nya ada pak Soeharto biar makin lengkap,6/24/2022 12:26,playstore
a145445a-36da-4737-a8e4-3a7a63a9e61a,Mantap gemanya keren,6/15/2022 5:38,playstore
b139340f-43ed-43f9-a35b-f0149fbcbbbd,"Gk ad penjahat megawati nya gak seru,terus tambahin pitur lawan bos koruptornya utamakan Puan sama mega bos terkuatnya",4/3/2023 10:01,playstore
10799680-b379-49ab-ad45-20052360c56f,Gua kesini dan download game ini gegara meme...,8/11/2020 9:08,playstore
7112029a-a9bc-4c27-8ea4-ba5739a87698,bgus sih tpi sayang grafiknya buriq kek ep ep🗿🙏🙏,10/19/2025 14:57,playstore
2ef79213-45b2-4bf0-9699-e59c7131c4eb,Game nya sangat bagus sekali,2/26/2024 0:57,playstore
97b2b303-e4a5-4964-b746-5a418a94d7e0,Kurangajar gk ada etika!! Susah banget!!,3/6/2022 7:14,playstore
3723756f-e0be-4b8e-b476-db293022978d,Mantap game nya seru,8/20/2021 10:00,playstore
a242c468-a5b4-4fbe-836c-3a96fb74305c,Game ini bagus coba kalian download,11/4/2021 14:06,playstore
57ee3ca4-163e-45ec-9bdd-653632276e8e,saya kasih bintang 5 karena gamenya bagus,12/18/2018 17:45,playstore
e5f021b9-eb13-4745-91b4-0d28cbc68dd6,Gw cuma maw bilamg kamlo yg bikim game imi klo ga samlah nma nya rio .... game nya gbimsa dimainnin di hp samsung j2.... 🗿🗿🗿🗿🗿🗿🗿🗿🗿🗿🗿🗿🗿🗿🗿🗿🗿🗿🗿🗿🗿🗿🗿🗿🗿🗿🗿🗿🗿🗿🗿🗿🗿🗿🗿🗿🗿🗿🗿🗿 #3preiode #riowibu,9/24/2021 3:43,playstore
5d6c9ffb-8d71-483f-977f-353110709ee7,Game ini sebenernya sangat bagus cuma aku nya aja yang jahat jadi aku kasih bintang 1,5/14/2021 9:58,playstore
d0141282-b312-40f1-bbcc-a4a957ac19e2,"Bang kalo bisa musuhnya tambahain para kuruptor kakap, atau buronan negara mantap jiwa game pemersatu bangsa indonesia ini bg. Merdeka",8/2/2021 5:27,playstore
c1fddb5e-8a34-43d3-adff-dd439250359a,Ni gamenya cmn ampe level 5 doang ???,8/18/2020 5:58,playstore
e1639234-0c75-44ca-be97-f0092b8f0bbf,Game ini bagus dan menantang,8/21/2022 0:34,playstore
a20b64d5-cf99-4ff7-8ef7-b6125d8f7ef8,"Pergerakan nya lemot,GK bisa lari",6/10/2022 3:36,playstore
43eed765-9ef3-4fa4-97ce-79048605d724,Keren sih tapi lucu,1/7/2020 9:33,playstore
2b1413ae-8c3f-4f56-ae6a-19ee0065e808,Lumayan sih tapi blum d lihat,2/20/2021 8:40,playstore
c20011c3-22b5-4cda-8cc4-5a7950a5948c,"Game ini sangat seru, aku bisa jadi presiden",4/22/2022 3:14,playstore
578b39b8-7c54-49a3-81cd-180c7f52ffcc,Indonesian🥱 😀😁😂🤣😃😄😅😆😉😊😋😎😍😘🥰🥳🥳🥴🥴🥴🥵🥵🥶🥶🥶🥺akibatau dpmpdasarindonesian $???????$!!!!!!!!!!!!!!$ 🥵🥵🥵🥵🥵🥵🥵🥳🥳🥳🥳😘😘😘🥶🥶🥶🥶🥶🥶🥶🥶😅🤣😂🥱🥺🥱🥱🥱🥱🥱🥱🥶🥵🤣😂🥺,8/3/2021 9:46,playstore
b66c28bc-d772-4874-8bc5-6c57c3c223aa,Kembangkan lagi sudah bagus uwwawwwww!!!!,4/29/2020 1:54,playstore
ddf44d7b-5f4b-41db-92ea-eea500eb95d5,"gamenya keren ,btw developer aman?🗿🗿🗿🗿🙏🙏🙏",3/18/2023 13:52,playstore
9dc13f20-be0e-40f3-a990-8035acfc20ab,Bisa hotang gak di game ini,4/28/2021 6:26,playstore
ad7808e0-baf8-4d0a-9db5-fc63f951f053,Kenapa tidak bisa diinstal,7/8/2022 8:31,playstore
a71b5525-837e-44f3-825f-29cc7c0c7f86,Mantap btw kapan ada Petualangan Jokowi 2?,7/27/2025 5:22,playstore
555e8b35-1cd3-465f-b3b2-ba6276c79b22,"GAME-NYA SUSAH SEKALI! AKU MATI TERUS, KENAPA YA? MUSUHNYA SUSAH-SUSAH. TETAPI KATA IBU, AKU HARUS SEMANGAT UNTUK MENAMATKAN GAME INI.",10/13/2021 16:43,playstore
25ad5af9-15a2-4d9e-984d-f699467b8fb6,Mudah mudahan gamenya ser😀😀😀,11/12/2020 11:44,playstore
094842ac-afb4-4bf4-a2b5-399c8bfb7f97,lebih seru kalo gamenya bisa mabar,11/8/2025 11:01,playstore
9c557756-ba42-4780-a273-256c26223355,game nya seru tp kurang panjang ....,5/7/2022 13:20,playstore
0b168818-0c94-46b9-83d9-5d0b68cc2aee,"Game nya seru,bisa pakai Jokowi👍👍👍",5/6/2022 7:11,playstore
144cd15f-d558-4f91-bb9a-8a550456fbdf,Bagus game nya sangat hd,1/14/2023 13:48,playstore
5e99f28f-e8e9-4d28-b256-53cad468460c,Semangat bikin game nya biar maju kkak!!,8/5/2021 14:22,playstore
e6f71bff-1a6f-470e-b46a-d0882375dbef,Setelah memainkan game ini saya melihat tukang bakso di depan rumah saya🗿🗿🗿🗿🗿🗿,6/23/2022 20:36,playstore
290b7f40-12a1-45c9-ab24-cc319a80f813,Kayak nya ni game seru dah 🗿🤙,11/1/2021 11:36,playstore
90c3b8f3-9ec6-49cc-804c-f9e147a3cd26,Tambah levelnya om,5/21/2021 3:47,playstore
8bd4044d-1674-42c9-a98d-138057a77c40,Asu game ini gak bisa naik level,3/12/2021 10:39,playstore
2da34931-2616-4b63-b18d-f00c8b54c52f,Permainan ini sangat bagus sekali,9/7/2020 12:48,playstore
c5506f0f-de5e-499a-94de-a27cb79980b5,Akan lebih baik jika ada skin sarungannya pak jokowi,4/30/2021 16:51,playstore
d9ec5310-93b8-4697-941c-518a76d82bdd,Bagus banget gem nya,7/21/2022 23:24,playstore
38e8d9f5-6dce-492b-aca1-b8b88a529fb5,Game sangat seru sungguh menghibur 🥶🥶🥶,5/7/2023 2:46,playstore
1957ad95-9a09-43c5-9d5c-2790caad52a8,beneran ini susah banget mana darahnya tipis lg kek dompet gw,6/21/2021 16:38,playstore
42cb85a5-ed67-4968-b0b1-406d329c0d4d,Wah game nya bagus banget,10/9/2022 6:48,playstore
90396a6a-ddef-474d-88bf-d01eba45a666,Saya baru Download dan saya mengasih binta 1 dulu karna belom main heeh,6/19/2021 10:46,playstore
ba98401b-406e-4963-bed1-71a467cf32e4,Game nya baguss banget,1/14/2022 11:46,playstore
24fc566f-5f54-4d20-a909-aa935973be6b,Game nya sangad bagus,6/21/2021 11:14,playstore
7394578a-b18d-475d-b1d3-e6bfb0f39999,"Dilihat dr gambarnya aku sdikit tertarik hadi aku coba aja ,bismillah..............🐓🐓🐓",5/3/2021 20:59,playstore
c41ee11e-98fa-4c59-b369-bbb2c195281b,Maen game nya sambil makan jengkol goreng manteeeeep,8/14/2022 0:08,playstore
562433ed-98e9-4937-b733-3143c4274200,Gua main ini di rumah gua nya tiba tiba banyak tukang bakso🗿🗿🗿🗿🗿🗿🗿,11/5/2022 13:21,playstore
eac1fb08-2eaf-4424-b5da-06159580734d,bagus bang sekalian tambahin Presiden lainnya.,6/21/2025 2:39,playstore
5d7634ba-bdb0-4d67-893d-e1c24596a87b,Game nya bagus banget saya suka,4/30/2021 4:36,playstore
58fdf6c3-0c32-4533-ba41-77ddcd23774d,Ini game seru ya saya kasih bintang 5 dah,1/4/2020 12:36,playstore
a569983b-8ead-4bbc-9439-b21acb5a4cf8,Game nya bagus bangettt,8/2/2022 14:17,playstore
d2f66aea-7c9b-4308-bb03-b87f1e58fb04,seru game nya soalnya ada Jokowi 🗿👍🏿,5/6/2022 10:18,playstore
537d6a8d-3edc-49ec-9237-bf3ab8df3a05,gak bisa di download. Gaje,7/3/2022 9:47,playstore
9bee6bd6-004d-473a-af7a-e60596aa9ed8,Gamenya Sangat seru😁,5/7/2021 14:23,playstore
e2c479d4-f001-4f82-9cbc-66b948d7cbbf,"Receh beut dah,tapi gua suka",6/25/2022 15:51,playstore
1c3018f4-8d82-4166-8b89-3cade11a332a,Keren dukung terus buatan anak bangsa😃😁😁,9/14/2021 9:03,playstore
5ce865c7-9b55-44f0-bc0c-e991d9cd4dcf,Mantep cok pas gw main tiba² ada tukang bakso,6/19/2021 10:36,playstore
5dde398a-f7f1-4a31-abc4-d913f5fa2970,Saya mau coba gem baru ini kalau asik main nyah aku kasih bintang lagih,8/3/2021 17:38,playstore
3c925ba4-9315-4843-9c39-05d160739be8,Saya baru main jadi cuman kasih 5 bintang ok,5/1/2021 6:32,playstore
ed370750-8249-4ad1-8ab6-dc0a4c9825bd,Game terbaik di season 2022 ini,3/2/2022 12:44,playstore
8cdc1934-6608-46d9-bb62-1ca1d74d2497,Hanya di Indonesia presiden di jadikan game atau meme🤣,8/27/2022 13:48,playstore
58db0bb4-0773-40dd-b160-3b55edc40fbb,Susah banget tapi seruuuuuuuuu!!!!!!!!!,10/27/2021 23:23,playstore
5e526430-f1b2-44cf-b72d-a3f3a2194753,Wah game nya bagus banget 😍😍😍👍👍👍👍👍........,10/24/2022 1:18,playstore
fed7a390-2b5c-43c9-a223-11511904f562,kaya nya game nya seru nih..aku kasih5 dehh.buruan donlod buru ke habisan😅😅😅😅,11/19/2021 8:40,playstore
1f523c67-9f1c-48fe-9319-2e52899ff70a,Gamenya bagus banget,10/3/2021 14:13,playstore
b606e086-80f5-4696-84ec-94422c17b722,tolong di upgrade lagi dong ilangin pak ahoknya,7/28/2025 11:21,playstore
851c8af4-7853-4d8c-85ff-68d0006a7637,ya ya ya saya setuju kembangkan lagi gamenya,7/30/2025 1:25,playstore
270cda77-4236-4fb2-a40f-c999b1b6c000,Gemya sangat bagus sekali,4/23/2023 5:28,playstore
a6ea0ec9-56b8-4bd0-aad8-2840cc7b040a,Bikinin game petualangan Jokowi nyalon capres 3 periode,2/3/2023 1:15,playstore
ba4222b3-c3c7-4db5-ba50-5f823d863df9,Game ini sangat berguna sekali bagi kehidupan makanya saya kasih bintang 1 🤣,8/12/2020 4:18,playstore
2607766c-4c0f-4ff8-8c05-3941a3d4a5dc,Tambahin puan dan Mega dong dev hehe,11/8/2022 10:02,playstore
bc0586b4-a4b9-40b5-a5ac-1e66d5bb446e,Coba dlu kalau game nya bagus saya kasih bintang 5,5/18/2021 2:56,playstore
9d4ac04c-16f5-408e-b180-7ab562dcde1c,Permainan nya bagus sekali,6/29/2021 4:31,playstore
c4ec1294-304c-4e75-8560-eb3d9ff9fa98,"kegabutan apakah ini,sampai² bisa viral gamenya?",4/22/2022 8:24,playstore
e0c48c5d-cdd4-4979-bd98-11033b7b56bc,Game nya mayan susah ajg,7/15/2021 18:06,playstore
a451e9eb-c664-437b-8f9a-31548aab6e70,minta tolong tambahin dong hero nya,6/9/2022 13:39,playstore
961f264d-e245-4b10-9d8b-00b241d2045a,yang Datang kesini gara gara tik tok kita satu server,10/27/2021 23:44,playstore
33d5c8ea-2d11-4ff5-aabc-b4cbd677e632,Game ya bagus banget,11/1/2021 10:58,playstore
455a0dbe-a1d2-4b97-bdc8-c9eb2893f918,Game nya bagus!!!!!!!!!!!!!!?? Tapi bohong,7/28/2021 7:59,playstore
5f46ab42-9437-444e-a99c-610bebdbaebc,Kamu nanya game nya bagus atau gk,12/16/2022 10:25,playstore
5dfa2f1c-f5d4-4518-a826-c442852082a6,Kurang tak menarik,3/16/2022 1:51,playstore
a5d346ea-b85b-4c18-a3d1-ebb506fa2cfe,Game nya bagus bangat 🤣🤣,11/22/2021 10:47,playstore
59184c00-2339-488e-8b0c-be1674883250,Tambhin anis baswwdan dan polisi ketika penjahatnya udah kalah tambahin ulti tni,4/22/2022 8:37,playstore
0e66a738-8fa3-4f88-85ce-a03b2cd56e3b,Game nya gak biya di dowload,4/15/2023 2:12,playstore
b4879524-fec8-4410-94e7-73742669a745,Tidak bisa main game ini,11/18/2022 4:17,playstore
e1511025-fbfa-4933-b0d5-048d2375b3ea,Game ini sungguh menantang andrenalin,7/14/2022 6:25,playstore
e251475f-bc3a-4fba-96c3-b10488872a7b,Keren game nya.saya sangat suka,8/1/2022 2:46,playstore
346a580a-4b56-4f11-a76f-7513a79beb7e,Game pak jokowi ini lucu..,10/29/2021 6:51,playstore
11581ce8-b9e2-485c-819e-3f4539c69caa,"Aku kasih bintang 3 dulu, baru mau download",12/20/2021 10:07,playstore
74d40afe-65a9-413a-bfe0-724810ae66c6,Bang buat game kisah hidup di tahun 1945,4/23/2022 14:17,playstore
365aa548-db2f-405e-b230-6415c6e7c679,"keren bngt sih, kembangkn yaa",6/24/2021 14:15,playstore
cd3a79bd-03ab-4784-a99e-22693f446f20,Wah kayaknya habis ini pasti ada bakso intel,10/25/2021 9:58,playstore
54827e39-db7b-4a7c-90b9-dba1cfbe4889,Yng buat game ini masih aman kah?,6/21/2021 5:26,playstore
b32e67e7-de6e-47e0-b13b-f6a9b15c6ed6,Game nya kaya yang rame,8/12/2020 4:40,playstore
0fb8f395-1f79-4ffc-b9ce-c232fe2cfd6c,Ok juga gamenya lucu anjir,6/21/2021 9:12,playstore
2bfdc4b8-5149-4880-9d8e-2ee1600af2ae,Yg bikin game ini masih aman kah? 🗿,6/21/2021 11:29,playstore
dc34fc85-0cdf-48cc-9105-e910ab32e532,Gak ada heal bikin susah,6/24/2021 8:10,playstore
42e0f920-4019-48ca-ae51-ca5d51cd76d3,sangat ramah lingkungan sekali teman teman,4/17/2022 18:51,playstore
6988581c-170f-4233-b96e-0cd6df8e9268,min coba tambahin karakter Jesus supaya bisa Jokowi vs jesus,3/18/2023 2:44,playstore
895860d8-3565-4be4-adfb-68d3584adf5e,Game nya bagus saya suka game ini,4/22/2022 12:31,playstore
93712710-7c45-4326-bcef-19e5a3253212,Mantap game nya,3/7/2022 11:59,playstore
b7cee852-7e00-4668-a3e2-54c7ccfcc464,"Hallo bro, update kapan yah??",7/7/2021 13:54,playstore
f5c087fb-d2c6-43ba-ac9b-fea8bd8006d6,Kata gw ini bkan petualangan Jokowi tapi kekerasan di era jokowi,3/1/2022 12:11,playstore
81e3a5e6-f6d2-4f0e-b298-30921b8b0366,Gamenya gak jelas kek kebijakannya Suwiuwiuwiuuuu.....,3/9/2022 7:47,playstore
5c6a22f0-d6bc-4cba-9423-3d60447984d5,😂😂😂😂😂😂😂🙏🤝🤜🤛🤜🤛🤛🤛🤛🤛🤛🤛🤛🤛🤛🤛🤛🤛🤛🤛🤛🤛🤛👊🙏ini game keren bet dah hhahah,4/28/2023 14:12,playstore
ce43f3da-7f2e-4421-b73c-b7a3dfe07166,Gem ini sangat memuaskan,12/12/2022 13:39,playstore
ff135386-d886-40b3-9978-42c823238443,Kenapa pas lawan oyenk ngebug ?,9/14/2021 3:00,playstore
f4bcb72e-85c7-46e5-8c41-03a412cafc2d,Makasihhhh gamenya menghibur nich hhyyyy,4/30/2021 20:33,playstore
12a81da0-d9f8-4912-8a4d-743a93e24636,Di tengah pandemik ini kau ingin membuat sebuah mobil,8/10/2020 22:22,playstore
af9aceab-4676-459b-a3f1-9718c786dc6f,Mantap game nya,12/27/2020 7:57,playstore
62b58559-bc4d-4726-82b3-fbc98a56765c,Game ya udah bilangga sama bapak Jokowi 🤣,10/27/2021 15:38,playstore
b9779f9b-4ca7-4742-b59e-1d84626d0667,Kasi karakter presiden terdahulu juga,1/20/2020 7:09,playstore
b69988fe-0a61-41dd-9f0e-88d84a09c33a,Game indonesia sangat merdeka,3/13/2021 7:30,playstore
2ff5d9c0-63e8-4562-95e7-95b6c6a3ff06,"Semoga next, ada karakter baru, dan level baru",4/20/2022 15:08,playstore
b3b6bcc1-d12e-498d-9c11-4cb117489bc9,Tambahin lagi karakter nya seprti Luhut Lagend :D,5/30/2022 22:48,playstore
f53dda4d-e7ef-4d48-8349-41aaa579e8c0,Semangat buat gamenya,10/6/2021 13:01,playstore
8feebaa8-e81a-4bcc-93ff-e0eb196f4850,Game nya bagus game owi,5/30/2022 10:04,playstore
1ee34c8b-0ebb-41c9-9614-635af73ef8a5,"Ayo bang, lanjutin jalan ceritanya",5/3/2021 12:43,playstore
fd212310-56e8-42e0-a792-a38253ee5ab3,gemrs yah bagus saya suka,5/7/2020 4:02,playstore
646194f6-1f9f-4ff6-8139-1c18c4214a4c,Mantap jokowi selalu di hati,3/10/2022 2:20,playstore
b18c273f-9255-4bce-8d6b-6c4c20510db9,Seru bangeeeeet tapi coba tidak usah 2 caracter jokowi prabowo di locked,12/8/2020 23:52,playstore
3ef5ce6a-ecc5-49e0-8032-91f403795e78,Tambahin Soeharto nya dong klo bisa 🗿,8/26/2021 11:43,playstore
bd403dcc-3398-4c77-b90a-d1f21c81a9be,Anying ada bug nya nyebur gw gelap,8/16/2020 1:42,playstore
d0a0dd8b-780a-4100-b8a7-99f6aa543e48,Waduh ultinya ngurang darah tydak ramah,3/3/2022 13:59,playstore
ff4de7e6-8b50-45b7-a6a1-05c9ba258abb,Saya download dulu klow seru nanti gw kasih b1,10/21/2021 3:25,playstore
e3eb1588-0a4f-4d30-983d-162b23e7178b,Kasih *** 3 dulu karna belum dimainkan.,7/2/2021 1:04,playstore
bf3b3606-2a5c-4884-8e21-444df87e1752,Kok ga bisa di donwoald bang,3/5/2022 12:39,playstore
e70e743d-e601-4ba9-b07b-0709d7bfc132,"Game nya mantep ajig :V , tambahin karakter dong kek Jendral Andika Perkasa , Soekarno , luhut , anies baswedan , ganjar pranowo aowkaowka",7/28/2021 0:16,playstore
a19db913-2050-4b16-a163-81a04e1f6703,Gamenya mantap saya senang,3/2/2022 12:28,playstore
c03148a6-0113-4692-b623-3cdda9398a0e,GAME INI BAGUS BANGET BISA PILIH KARAKTER,7/10/2021 3:50,playstore
11deda33-f0b7-47b1-8737-0f13d0fe1f79,"GAME INI SANGAT JELEK, BURIK, GAADA PINTU, GAMEPLAY KAKU...... ................................. ....,................... ........................,..............,.............,..,..................................,..................................,.....,............... TAPI BOONG HYUKKK, GAME INI SANGAT BAGUS",5/1/2021 2:15,playstore
bec0d71a-2962-4138-9606-d093db83d10b,Bang kok muka lu kek grapik yang ini masih gamntengan gua kaliiiiii btw game nya kok grapiknya kek ep ep🗿🗿🗿🗿🗿🗿🗿🗿🗿🗿👌,2/8/2022 15:46,playstore
a49e1f59-7a1a-466c-845f-f0b7a276d800,game burik pas mau di doglod lama,6/20/2021 8:04,playstore
72df4362-b717-4703-a002-5cdbb59dd3e2,Apaan nih masa presiden kita di tampolin penjahat.kan kesannya jadi mengejek,1/7/2020 11:03,playstore
c46206cc-8afa-4724-b313-cb0b15c1bf0f,game apaan susah di mainin mati mulu,7/12/2025 11:01,playstore
0c2012b6-b02f-44ec-8beb-7b18f9422f6a,Gamenya seru kaya politik Indonesia,3/14/2022 12:46,playstore
233b342d-97a9-48a7-bfe4-ae4d767a20bc,Susah menangnya ngab... Ngapain juga ambil tokoh kriminal yang udah dipenjara semisal Ahok...,6/20/2021 2:41,playstore
8d2efc83-0937-4b82-9e72-c38f1a55f608,Gue kasih bintak lima karna ini gema bagus,2/4/2023 10:59,playstore
b0be8eba-6f44-48b4-bcff-1398fb094580,GAMENYA CUKUP BAGUS SIHHH TAPI INI GAME SANGAT SUSAH DAN SULIT SEKALI !!!!!!!!!!!!!!!!!!!!!!!!!!!!!!!!!!!!!!!!!!!!!!!!!,12/19/2021 5:47,playstore
bf515d83-68a0-404d-ba56-9a9f3db13564,Sangat teramat mencerminkan 3 periode☝️😁,4/25/2022 0:00,playstore
adc342ec-2410-488b-a828-4e5e82f2762e,Bikin yg versi Jokowi dan Megawati minn,3/3/2022 10:30,playstore
145d38cf-05e6-4d6c-8787-435f87ea270a,Bagaimana dgan game ini? Yntkts,6/8/2021 12:36,playstore
54dc18f8-cd2d-4f94-a489-e8915edff2fb,Maaf ini pake data gak ya???,9/24/2022 11:27,playstore
cbea6f59-0b0b-4595-82fb-fbce6a630cde,Geme indo semua lucu adagem jokowi juga,11/3/2021 10:51,playstore
87ab3b2f-e6b9-438a-99a2-e8b69a45152a,Bang develop update yaa nanti upadate ada presiden baru sama karakter baru sama tempat ributan baru byeee 😄🤣 Thanks you,4/23/2022 8:27,playstore
bc62f0cc-bb47-4364-8e5a-edb3a3c238b3,Bu puan sama Bu Mega mana oi?,7/31/2022 7:24,playstore
7a5b0ac5-f1bb-4c8c-bced-22af41f74d99,Yang download gara gara meme kita satu server,8/8/2020 7:33,playstore
b0ecebc4-5be7-4c17-b0f8-cc60fa6134c7,Main bentar udah bosen cuma pukul pukulan saja,4/4/2022 13:54,playstore
b0b9767a-934b-4e54-bb7e-0173b1fe39df,Game nya bagus banget njirrrrr😘😘,7/26/2024 6:05,playstore
2dd7c71c-da55-4851-9ffe-b93e10a6eca3,"Bintang 2Karna , Ini Lagi Jaman Minyak Ga Di Mudahhin",4/4/2022 5:37,playstore
a7d34040-a410-4b2f-80b9-f0937349dcad,Game nya saeru banget ???????????????????.??????????????????????????????????????????????????????????????????????????????????????????????????????????????????????????????????????????????????????????????? Apa liat kebawah,11/1/2021 6:00,playstore
12e13ec8-1bc1-4fbf-be10-dc493bac0a3a,Pengen dapet karakter Megawati :(,6/27/2021 6:59,playstore
bbecba7a-b825-4920-b2b9-700c4b0ef145,Waw incridible Pak jokowi nya OP,11/13/2021 11:53,playstore
5b5a3857-2944-4f80-92f6-336e358dcd37,Yang bikin game ini sesat awokawokawokawokawokswok,4/23/2022 16:35,playstore
6a72a286-182f-4a5b-9922-779e4123781b,Musuh terlalu susah,9/3/2021 18:35,playstore
56df0df3-d5e7-4a75-b480-9605a664fca4,Jangan terlalu susah bro,6/24/2021 14:37,playstore
1a0dea20-5e4c-4344-a790-4223e3841c72,Keren kayak ada ngab owi nya,7/8/2022 5:58,playstore
49ef9a1f-b9db-44d2-b200-2ff9bab94b9d,Lanjut bikin game nya,10/26/2021 3:54,playstore
27d94f5f-7939-4d5e-8bfa-faa0fafa4e25,Pak jokowi terlalu kuat,3/17/2022 1:52,playstore
051d2583-2f6f-4082-bd6b-a2f57c79c1d9,Ko gabisa di install,3/2/2023 11:24,playstore
556f10c1-2ef0-4d09-8cb9-65f6bf0d028c,Movement nya gk mulus,8/12/2020 11:44,playstore
2c60f5ab-cb60-4955-8d0f-4207e80be070,Keren sumpah game nya,4/24/2021 6:02,playstore
a4d371d8-87dc-46af-8936-800a84735cdc,Game nya bagus banget,3/2/2024 5:52,playstore
948a0ad6-6147-4493-96bc-096fbf56e9ee,Tambahkan karakter banteng😡😡,6/20/2021 10:10,playstore
5e6ca771-a3d0-4ff6-b350-527ef929a085,Kenapa jokowi dimasukin game babang,12/29/2020 7:16,playstore
d435a3e3-dac2-480c-b65f-65fcdec6e2df,"Lag :vanget bjir, gabisa skill 1,2 nya gaada.. Bukan mo:va ini mah",1/4/2020 18:31,playstore
cdf95057-60aa-4974-8457-7fa7d5e8da5d,"Musuhnya alot banget, anjir",4/30/2021 13:36,playstore
b5d5b3d9-5af8-489d-88a8-89b7a989af30,game nya bagus kece badai jadi gw kasih bintang 10 karna gw sigggma mewing skibidiy 😹😹🤓🤓🤓🤓🤩🤩💀💀🥶🥶🤫🤫🤫🤫🥴🥴🥴😋😋😋😋😹🤓😹🤓😹🤓🤓😹🤓,11/6/2025 5:35,playstore
4b140435-e6e7-4efc-a5ee-ce0d5540c72e,game nya bagus guwa kasih bintang 5 plus sigma😈😈😈🤚🤚🤚🤚,10/31/2025 23:41,playstore
74b90da2-33f0-4d1e-aa38-a81fc6108e85,Petualangan pak jokowi seru banget,8/16/2024 11:06,playstore
89b44376-0d23-4aeb-8e98-d98ab2fef409,Apa ni aowkaowkaownaowjow rush bet musuh nya,8/29/2020 8:12,playstore
fc1acfd4-0c25-46b3-b080-0e2f3f85b110,Terlalu Mudah.... Sumpah Gw dah Tamat,10/25/2021 10:06,playstore
4d5e81d3-6e98-452c-92b5-952d7cbde81a,Gibran mati masih bisa jalan,11/28/2024 4:28,playstore
08a931a8-ec75-4c85-a543-7b06bc63e919,Tolong tambahkan buk puan,1/10/2023 8:40,playstore
dbdcb503-3f39-4878-aa18-614505076cad,Kenapa presiden jadikan game padahal itu ilegal. Perbaikan:wkwkwk,7/7/2021 12:19,playstore
d93033f0-04c0-4193-8d21-8e35568664d4,tidak ramah untuk anak anak,8/2/2022 9:09,playstore
11cd183d-a6f7-4e49-b04a-d6cf84f41369,Tambahin min karakter nya kayak dpr kek,7/25/2020 13:39,playstore
574c2a92-a22b-4c48-bd8b-42985487c466,Bang tambahin karakter ma'ruf amin😂,4/22/2022 8:41,playstore
fc6f8c0b-d738-4fba-aee1-fc565538c907,Gamenya sangat tolol,5/10/2024 7:42,playstore
d073b3e8-ca6d-4a8c-b534-89febea011bf,umat manusia harus tau game ini!!!,7/21/2025 11:31,playstore
8c987114-2247-42fb-bb0f-7336a3d02b9a,Game jelek def nya pasti SMP,9/9/2024 6:47,playstore
4a45be3a-0564-40ad-9319-a90be994664c,Ga seru gampang matinya,9/1/2020 10:56,playstore
c3b17d37-8c7e-4605-b270-cd416bb45530,ini adalah game terbaik yang pernah saya mainkan,7/19/2025 8:26,playstore
57e40f99-d179-4e9a-8e03-0e7e416b9cd2,Gem nya bagus aku taro bintang 5,7/5/2024 2:46,playstore
d6aa699f-93a6-4234-a027-f23e81b0e536,kalau main ini dijamin anda auto sigmaa,7/24/2025 4:34,playstore
3f0829f8-f2a0-417d-8fa5-695614e4843c,Gua kesini gara gara ma gamerz😁😁,1/6/2020 8:03,playstore
70bb63ed-d3ea-4fd6-ab07-8f71eaa1dd7a,Game terbaik yang saya mainkan selama 2025,7/25/2025 23:59,playstore
908b8d5c-1e3d-48d5-af3c-362da803b3ad,Jangan kasi bintang 1 yah kawan karena nanti tukang bakso jualan depan rumah,6/26/2022 10:19,playstore
32642be4-f78f-4f48-b502-4362e333142d,Gem nya bagus sekali ye,11/24/2021 4:20,playstore
9cfac4bd-cf5f-4ee4-8dff-1154209a15e1,Bro tolong buat karakter Samsudin broo,9/9/2022 16:26,playstore
61686649-5263-41ae-b074-8301c5ac97aa,game nya bagus. bagus di hapus👍,9/26/2025 5:42,playstore
3d4134f6-cb4b-4e0c-ba9d-5b1f4d949121,Kok level nya sampai 5 doang,8/11/2020 11:01,playstore
6a6adc9e-6dbd-4531-887a-41cdf9533db3,Game nya asik bgt shesss 🥶🥶🥶🥶,5/31/2022 2:03,playstore
85efaa3c-4f3a-4783-a78c-c5ca8b55dc3d,Ada misinya ga ini .................................................................................................................................................................................................................................................................................................................................................................................................................................................................................................,7/27/2021 18:28,playstore
bc1c28b6-00b5-4fb3-905b-12fc6c60ca03,Sebagai warga yang baik aku kasih bintang 5,8/2/2022 22:30,playstore
75510f18-afb4-4ae9-9a6d-1ebb14ebe9c4,Tambah Mak banteng mantap,8/1/2022 11:43,playstore
6d1733e6-1ed2-4cfb-88dd-a0b6c04ade70,update jadi lebih keren dong,7/25/2025 14:57,playstore
c676f786-0e4c-43ee-927c-57e6804323a3,Game ini mengingatkan saya pilpres 😁😁😁,9/21/2021 14:14,playstore
41b89a2d-8201-40d0-b0ad-0ffda17a7484,Jokowi chara terbaik kata ibu,6/18/2021 14:51,playstore
f26365a7-de05-453c-9e4f-09a00f180d13,Boleh di tambah karakter namanya rahul,4/26/2022 7:42,playstore
b64f46cd-72a0-4b94-a350-c1b63012f6a8,Geme seruh nih buruan download,3/6/2022 12:49,playstore
cc2f8829-c18e-481f-bd50-0e905bbbb7da,Game terbaik sepanjang masa. Hidup Jokowiii !!!,7/7/2025 5:31,playstore
ee0a3064-e44d-49b9-b577-fedeadc2606b,Wah mantap gem ini sampai aku mendapatkan skin prabowo,3/12/2022 12:45,playstore
78c961af-5bf7-4d40-88ee-68f5f5e36cb5,Apakah developernya sudah mempunyai jaminan aman dari UU ITE ?,10/7/2022 5:56,playstore
eb7818ca-ffd6-4a27-85a4-3d785fe50b5b,Min game nya usahain bisa buat Mabar Sama temen temen🗿🙏,6/23/2021 10:40,playstore
dded5d69-a24c-44b7-ba7f-edcc141fb9f5,Burik gak bs di instal,6/20/2021 22:36,playstore
c6dfa51e-6ea3-4564-aa52-e728207091d7,Tolong Fitur Nasbung Ditambahkan. Dan kalo bisa tolong buat character habib rizieq,1/4/2020 11:57,playstore
5774ace7-9046-4adc-b326-7c621f0f096c,Bintang satu buat jokowi,9/12/2022 2:08,playstore
20ca9e1f-129a-4932-b3dd-f780c248d501,Dev biar di kejar wkwkwk,10/5/2020 10:47,playstore
6d782632-fd16-412e-9a38-7701c20fd2c1,Gamenyaaa bagusss bangettttt buruannnnn dowload,3/9/2022 7:23,playstore
11d51963-146f-4edb-8697-6b668f8f2386,Tambah mode fatality lah ngab,6/25/2021 15:34,playstore
449f15de-2ce5-4c2d-96b5-1b9a709225e7,Seru lho mirip baget kaya yg aslinya,12/1/2020 7:06,playstore
ec2cf731-ffe6-4e0a-b43f-cd9f661facd2,Anjir ngakak cok jokowi 🗿dalam game🗿,2/12/2023 8:32,playstore
23ccef86-b87f-4b83-aeb1-03c5a398d0a7,Jokowi dsni tidak menjadi tameng nya bu mega,8/2/2022 4:17,playstore
f4e89061-795d-4760-ace0-f2a9d25c3ceb,gk bsa di download.,5/6/2023 23:50,playstore
31b4a197-6f6b-4577-b8a4-93d0da697415,Bagus banget!!!!!!!!!!!!!!!!!!!!!!!!!!!!!!!!!!!!!!!!!!!!!!!!!!!!!!!!!!!!!!!!!!!!!!!!!!!!!!!!!!!!!!!!!!!!!!!!!!!!!!!!!!!!!!!!!!!!!!!!!!!!!!!!!!!!!!!!!!!!!!!!!!!!!!!!!!!!!!!!!!!!!!!!!!!!!!!!!!!!!!!!!!!!!!!!!!!!!!!!!!!!!!!!!!!!!!!!!!!!!!!!!!!!!!!!!!!!!!!!!!!!!!!!!!!!!!!!!!!!!!!!!!!!!!!!!!!!!!!!!!!!!!!!!!!!!!!!!!!!!!!!!!!!!!!!!!!!!!!!!!!!!!!!!!!!!!!!!!!!!!!!!!!!!!!!!!!!!!!!!!!!!!!!!!!!!!!!!!!!!!!!!!!!!!!!!!!!!!!!!!!!!!!!!!!!!!!!!!!!!!!!!!!!!!!!!!!!!!!!!!!!!!!!!!!!!!!!!!!!!!!!!!!!Apa liat2 ha!!,8/26/2021 11:42,playstore
4d2bac3d-f1f0-4cc4-a106-9a5e146dc1e7,kapan updatenya kak.,7/11/2025 11:27,playstore
94c83f34-545e-41a6-a5ee-c58296007b9d,Game ini makar sekali,1/4/2020 3:08,playstore
cef4e09c-7216-4b92-882f-4bcce1eefa86,Gua main kalah mulu ajg,6/6/2021 6:10,playstore
9952ea6a-8882-472d-a9bb-80e8083822ca,Jokowi nya op pake sniperr👍🏻,7/19/2025 15:58,playstore
519ee8cb-9134-4b18-8494-1b1c7c3125ea,Ditunggu part ke 2 nya yg ini gw dah tamat,6/22/2021 4:34,playstore
bde33d52-efd1-4697-a499-8a4ee2cd5ca0,Gw kok gk bs install bang? Belom daftar pse kah?,8/2/2022 2:29,playstore
92bcff33-7f6a-43a8-bcaf-731b6c3fb97e,Game Keren Tadi Di Depan Rumah Ku Ada Kang Bakso Membawa HT. Bg Aku Barusan Main game Nya Bug Di Lvl 2 Aku Masuk Kek Pintu hitam,6/21/2021 10:33,playstore
ecd1b2cc-ad28-4118-9481-461b0616713e,Tolong perbaiki lagi ya,1/15/2021 11:08,playstore
bdf62dc5-fbed-4477-8f99-c386e76b2bf5,Ni game gak patut banget anjay masa satu dikroyok banyak bansat,6/26/2020 8:24,playstore
fd0bdbb8-25eb-4088-9f78-3a0217204460,Game nya bagus lah,9/25/2025 11:56,playstore
0b2350db-d454-4f2d-bef5-989ec5950b02,Petualangan Jokowi menikmati uang Negara,3/24/2022 14:30,playstore
667d1bc9-bfe7-44e4-8be9-8ba649d00542,game ny sangat bagus gamenya sangat bagus game nya sangat bagus,7/19/2025 6:53,playstore
8e8cb284-2fa8-4526-a444-1ef40acbb5d3,Gak bisa download,8/23/2022 15:31,playstore
6546e8ba-2ed1-4815-a4aa-7e7af5697da6,Bro gamenya susah bet dah kwkw,6/21/2021 6:18,playstore
1705d59c-cbc0-48e1-a244-4bdfe6cf436c,Seru cuman 1yg kurang cinta ku pada mu,3/1/2022 6:31,playstore
ca68fcac-7f6b-44c5-80d5-fe2776fb1b90,Aku cinta game indonesia 😍😍😍😍😍 #KominfoAnjeng,7/31/2022 11:37,playstore
f482728c-fce9-4612-bf77-dfba4547d68d,Gem nya burik kalah terus lapor kan,11/2/2021 7:46,playstore
93b1240e-1da4-4297-8c0d-751d949c8a07,Enak banget game nya,6/4/2021 14:00,playstore
6a1f8420-9b1f-4120-af63-dd6f27ec4bde,Terasa banget makar nya,2/26/2023 5:58,playstore
d07c746d-6320-49aa-aed4-3fa6f59cfac8,Game macam apa lagi ini ya tuhan 🥲😭,6/21/2021 7:04,playstore
6f5e782e-d7ee-4133-8cf1-933112b70af7,Kok gua kalah mulu ih cupu gua...,6/19/2021 9:53,playstore
a89726d4-0aba-42c3-ae4e-1665d6448c1e,Game eek susah kali lh gamenya,5/6/2021 13:35,playstore
f946de0e-0bc9-4496-a645-22eb50da398d,Game nya seru banget,7/14/2021 0:07,playstore
72fa1369-dad1-4426-914c-5e31d1d7b603,Game nya emang udah di ijin nin sama bapak jokowi,3/6/2023 3:56,playstore
a23321f6-5ab6-4213-8694-0b0d4b84b6f9,Pak Jokowi numpang main gem nya ya,10/29/2021 12:06,playstore
77eaee72-35a7-4d17-af1f-f6f2ae95c423,Saya merasa jadi super Jokowi,12/3/2022 13:03,playstore
d315e7c0-6b15-42d3-aa4d-52bab2cc3119,Bangsatt susah bgt ngalahin penjahatnya nah,10/12/2020 4:14,playstore
5b6b57a5-1897-4541-8de8-c5dd66141cfd,Apaan sih gamenya gak jelas,8/12/2020 11:28,playstore
b757eb1f-ebae-48d9-8408-87e271222c85,game aneh kaya namanya,7/4/2025 7:59,playstore
66515cb6-57ee-4e81-a837-ca064f5c9afa,Game ini ngomong kasar 😠😠😠😠👊👊👊👊👊👊😠😠😠🤬🤬🤬👊👊👊👊 game jelek,3/11/2021 14:19,playstore
06b60e4f-6152-41e7-8595-a63c487eed8c,Efek dari tolak omnibus law,10/10/2020 7:53,playstore
88e771d7-ec2e-4f66-a70c-570f7802a968,Keren banget karena aku fans pa Jokowi,12/6/2020 11:56,playstore
0476a9c7-beff-4f87-a5fd-fd588936137c,Gamenya bagus tolong tambah jamet,11/14/2021 9:43,playstore
3191b6e0-26a8-4db4-894c-f6f9ed1d6937,ini permainan annya sant seru petualangan jokowi,1/29/2023 12:27,playstore
4f6e3190-4bfb-4eb9-90e3-af147f9cc9fd,Tambahin ma'ruf bang sama dedy Corbuzier boss nya megawati dan pasukan pdi,1/8/2022 3:42,playstore
1b83de78-4364-4358-b4b6-644072ed79fa,Tambahin story percakapannya min,8/28/2020 16:22,playstore
94afba96-a4c1-4754-9dd6-72160920b599,Game nya seru banget,3/7/2022 1:48,playstore
004683df-ea1a-4615-b000-b879278adc51,Permainannyah sanggad bagus,6/22/2021 20:55,playstore
7d9cb18f-e26e-49c5-b9f1-02ae3e454867,Untung gak ada banteng,10/14/2021 12:12,playstore
0928f388-54eb-4f2c-937f-df9fd42dd270,game yang sangat seru!!!,7/21/2025 12:53,playstore
31623148-19fa-4821-bc8a-b006ab41e78a,Awas kena ciduk awowkwoow,11/1/2020 1:53,playstore
be242a29-cb90-412f-b681-0ad39d742590,Gak bsa di buka geme jelek,10/5/2020 7:26,playstore
d38ef0ea-20bf-44de-845e-d339dce7bcf0,Biasa aja soalnay belum main,10/23/2021 16:19,playstore
76a5e63e-0c80-4a9a-9656-a5551a5e5f10,Bagus akutau dari bang moymoy,5/8/2021 4:47,playstore
517859e7-cb3d-4d12-a448-afa30cabb1ff,Keren petualangan nya,2/17/2022 2:32,playstore
f9f61dc9-36ef-4dd5-a5aa-ff81541d4167,Bagus ya ok ilmu haya gila saya tolok mina nima nimamuna jenugeduni gudi,7/12/2021 13:35,playstore
68ab83c4-4c13-4d9b-9cb0-c76a0b726dd7,Game para pemakar handal,5/27/2021 14:09,playstore
b89a0605-8b21-4a52-b8b0-b0d535334b6e,permainanya sangat joss tapi boong...... loss,4/27/2021 16:47,playstore
ac7b9cd3-b156-42fc-8a44-032e344cb634,Ini yg di TikTok bukan sih,9/23/2022 14:32,playstore
3f87e352-b419-4c34-a42c-5c2d6382ab50,Kok ngak ada bung puyuh,8/8/2020 2:47,playstore
42be4410-2c6d-430a-a3a6-2b1d3d204f52,Game ini MAKAR SEKALI 👍,1/3/2020 8:59,playstore
63002c34-e77d-46e1-a5e1-90284c847436,Karya anak bangsa yang harus dikembangkan,4/28/2021 15:33,playstore
4d3c786e-7950-42ea-bb99-a986d9fbcced,Auto kunci pintu kunci jendela bor,6/18/2021 14:58,playstore
dd22585c-c684-4f20-ac0d-a2b63477d43f,Gamenya Susah...!!!!!!,3/7/2022 4:52,playstore
c1cae9be-bcbc-4180-9e5c-daac3fbbaed7,Control masih susah,8/7/2020 13:48,playstore
cbf7195a-eb97-43ff-a132-24fb974921b3,Yang buat game sesad ygy,2/15/2022 0:32,playstore
cdca9f88-7212-4daf-a991-cbbc9c62c22f,Wkwkwkw game kocak dah,5/8/2020 0:11,playstore
cd362b4d-1859-4457-b713-70886f316dde,Game nya bagus lo🥰🥰🥰,5/18/2022 2:24,playstore
f816b6dc-3535-4711-a908-e89a7c75f8b7,game nya sangat bagus,4/6/2022 6:10,playstore
664e78c0-4858-4a54-9139-cc3e9f65d4e8,Bang saran tambahin megachan,3/8/2023 1:19,playstore
40d2b68d-8227-4f91-907e-fa62f5379237,Enak banget nih game,4/9/2023 3:45,playstore
20453c07-11cd-413d-8c8d-59f13f34c66b,Game ini sangat menghina👍🖕,6/24/2021 1:30,playstore
cec99dde-c9dd-4b78-b3fe-b95247ab2300,"grafik burik, sakit mata",6/5/2023 10:09,playstore
ee2f8149-318b-47bd-86a6-12cd8c673784,gem nya sgt amat bilekj,6/6/2022 1:53,playstore
709872d6-4f56-40be-883a-bb0fa6db8cd5,Permainan yang menarik,10/16/2021 8:13,playstore
8f161f68-0f72-4a92-900b-c08403ca27a2,Game ini seru banget😁😁😁,4/25/2022 12:01,playstore
b6a5fec3-2a30-43ee-8b4a-38f1d9263722,Jokowi 3 periode!! akwoakwo,7/16/2021 11:22,playstore
3618d928-f461-4f34-8034-2b33cd90ed2d,Tambahin lagi oy karekternya,6/9/2021 11:15,playstore
c80eea6e-0d47-48c1-9de0-bc1ceb0e7178,Gem ini sangat hebat,3/10/2020 12:50,playstore
47279e0d-8dca-4423-94bd-8d5cb7696d2a,"game gajelas, ga kelar kelar mmek",7/13/2021 8:19,playstore
92b19ba4-2a85-4fc2-9200-baaa4e31e51c,Geme nya tidak rama,2/27/2022 12:15,playstore
5add1421-d244-4658-ae3f-f57ad627fc09,Ini game nya bagus,6/25/2021 4:08,playstore
b99b7acc-0d9b-4065-8ecc-7d84715921a1,Contoh contoh orang yg pengen di kasih sepeda,8/23/2022 3:45,playstore
73ae4c93-2038-472e-9b2e-793f28dfdcd6,bg gemnya kok gk ada fitur Telkomsel? 🥀🥀🥀🥀🥀😈😈😈😈😈,10/4/2025 16:28,playstore
fa962aac-5619-4e87-bec8-c5a7f705a20e,Tambahin ya hero nya,8/17/2020 5:21,playstore
5c7ead83-034c-415c-8521-eb1fc346a7fd,Seru banget pertadingan ya jokowi,8/14/2021 12:53,playstore
78131f52-0e04-4c18-b6b6-74ee3d96d9a5,Tolong tambahin karakter anya geraldine sama maria vania min biar UWU,8/7/2020 22:49,playstore
473fdb9b-ffea-4b36-8eed-de11b3821ac7,Gamenya membansoskan mantap,3/14/2022 6:05,playstore
60fd3d08-5f2c-40a2-a061-c470dd8512ff,Sulit gamenya kwkwk,5/11/2021 11:04,playstore
e1253a9c-6386-4f8e-a57b-48101748fb8b,Geme bagus + ada pak Jokowi,6/6/2022 12:02,playstore
3e1285c7-e90a-4211-8b79-f82f8e3af58c,"Tambahkan megawati, puan dan tokoh² pdip yang lainya",8/1/2022 19:47,playstore
b431fdd9-5b3c-4327-9d3e-e5f423e9a702,Ih game lebih burik dari ff ini ngak bisa mambah darah😈,10/17/2020 14:30,playstore
8b9c165b-b2fe-46b5-a95c-d56a189d1c96,ga bisa salto,2/21/2026 15:58,playstore
5e2a8e62-968b-46b6-87bf-87fec6f0ac6e,Asyik banget game nya 😀,10/17/2020 8:10,playstore
605e8e87-abad-4b76-a2af-d57f36cbf945,mantap bro gamenya,6/3/2022 3:54,playstore
c201cae9-d779-4719-9b45-4f19d0dd1009,Seru banget game nya,11/7/2021 3:39,playstore
99cfd885-d30c-4c9b-8044-6d1c786bb292,"Gak bisa download ',(",8/1/2022 12:43,playstore
1b8c6df0-dc2b-4d91-b0f2-4398b4a2112d,Yang buat game ini lu masih aman bro?,1/10/2022 0:41,playstore
480f3442-0ea3-40d5-b63c-14514be8d91f,"anjjj..Jokowi jamsut,awokawok, Prabowo PSHT,Ahok seluncur 😹😹😹,mantap Wak, teruskan,tambahin level nya dong btw",7/22/2025 8:49,playstore
9247bed5-5345-4225-a4c6-f44263bcd4b3,Lebih bagus musuh nya DPR 😆😅😂😂😂😂😅😅,10/23/2020 7:26,playstore
7c5a0c2c-809a-42b9-a28d-7ea435d104b5,gamenya bagus bang,7/27/2025 4:13,playstore
60955df3-ccb0-40ba-84fc-5ea5f3d99230,Gak bisa Install,4/9/2023 2:04,playstore
bcb6b1f4-6ccf-4476-b500-3581fe0ed035,kalo ketemu VM jangan di lawan lari aja nanti mati VM dihati VM harga mati 😎👊,8/9/2026 8:20,playstore
2eec3cc6-eba9-4f03-9982-0e602ee21d52,Game ini sangat bagus 😬👍,7/19/2021 15:16,playstore
a8e51505-d90a-489f-87d5-e34a2f829f3b,Seru sii tapi ada yg afk,11/5/2021 3:24,playstore
08aa1f7c-05e4-4da4-b22e-023c8a00e940,aku suka game ini,8/24/2022 4:42,playstore
9e3d238c-39be-4447-a0b6-3e1fc835c785,Njir pak jokowi adu mekanik,12/30/2021 13:42,playstore
4cd82070-6ed5-4b91-ae8b-d6b7571d2741,Nerf dikit lah woy korup nya,6/20/2021 12:45,playstore
66acd00b-e4f1-4ac0-b48a-5b0624bdc69a,Hmm game yang mengundang satpol dan Intel🗿🗿🗿🗿,9/17/2021 16:01,playstore
5d5492af-9391-4bda-88a5-f3573d35f664,Adalah munculnya kelompok-kelompok masyarakat dan tidak mudah bagi kita yang wajib diketahui dan tempe bacem dan tempe bacem yang wajib diketahui dan tempe bacem dan tempe bacem yang wajib diketahui pecinta musik yang dimulai pada tanggal Kamis dan Jumat dan tidak tahu bagaimana cara mendapatkan backlink gratis yang bisa kita yang wajib diketahui dan tempe bacem dan tempe bacem yang wajib diketahui tidak ada komentar yang baik dan tempe dan tidak mudah bagi kita yang wajib diketahui pecinta Musi,5/4/2023 12:59,playstore
0d011b13-4e4f-4a41-931e-732dfd9f73d8,Awokwokwokwok anjay bener makar Pasti yang ngomen disini gara gara meme ya??,8/28/2020 10:24,playstore
66df1d8b-2292-423f-8a10-98b4a316fa51,Bang update lagi biar bisa by1,7/1/2021 4:27,playstore
5505b210-6763-4dfa-89c7-d87680143ddc,Susah bgt gameny,7/17/2024 6:15,playstore
93e30a00-dc42-42a2-a53c-181832780faa,bagus lawan teroris serang,6/19/2021 12:51,playstore
b3ec180e-bd36-4403-932b-e684a3f03e66,Game nya baguss,11/29/2022 1:07,playstore
2ef24fd5-e3a2-441f-82ce-a6bb4b6a2a4f,Game nya sangat bagus saya suka,6/16/2021 12:43,playstore
0b71f5e8-270c-4c6a-a483-164f1db2c5e0,Ga bisa di install,8/3/2022 18:53,playstore
4c249f54-b7f1-447f-a932-6384a543c620,Mantap gem nya cuy langsung gwej satirin Rio😅☝️,4/26/2022 16:26,playstore
9dd59288-5882-499a-98e5-4ecd47bb92fe,Jokowi 42 main game tapi bener,6/23/2021 4:56,playstore
96bdbde3-d61a-4605-bf5f-cdda433f99d8,seru banget game ini,3/16/2026 1:42,playstore
32847ca9-4e2f-4324-90b9-7c4344420a76,Gg Indonesia game mah,7/12/2021 16:11,playstore
2d2501a6-7f24-4ca1-ba1e-1e425ea2add6,Devoloper tidak ramah bintang 1🗿,1/6/2022 0:11,playstore
97b2de45-f7a9-46d7-a770-54ec81621288,Level 9 rame banget woy 🥹,7/17/2025 15:30,playstore
bd394dde-2bbe-49d2-9743-e2680e15dc41,tolong tambahin katakter soeharto terus musuh nya clan pki biar seru tambahin lagu genjer genjer,7/24/2020 12:12,playstore
0d1e9b3f-8e5a-4c93-9a7e-704d330a854a,Game tergoblok yang pernah ada. BLOG,3/1/2021 7:34,playstore
ec7e3faf-50c9-44a1-9877-f861674b90e6,Geme nya bagus saya ingin menggunakan prabowo dan musuh jokowi biar ku tinju tinju rai jokowi sampe bengeb tulang nya patah patah sekalian ku bunuh,2/6/2021 3:29,playstore
45032280-27c2-4c22-aaa2-3e6de95a2465,pelis bikin game ke dua nya di mana Jokowi bertarung menghadapi monster gorong gorong seperti tikus raksasa,2/16/2026 6:35,playstore
bbcf8392-17e7-4c96-a42c-3467e70902f8,Game bagus sekali,8/15/2020 22:39,playstore
e9d1001b-349c-4dc0-8759-13c4ff7f2a72,Kecewa gg bisa menang hapus lagi dah,10/6/2020 13:14,playstore
04ebc115-8f70-4fa3-b286-6c5e9315184d,"GAME INI BAGUS SEKALI, AKU SANGAT SENANG MEMAINKANYA TERIMAKASIH SUDAH MEMBUAT GAME INI, DI GAME AKU BERSAMA PAK JOKOWI, PAK PRABOWO DAN PAK AHOK BERHASIL MEMBANTAI PENJAHAT PENJAHAT DAN KORUPTOR DI NEGERI INI DI TUNGGU UPDATENYA BANG.",5/20/2022 13:27,playstore
1c5dc67e-40ac-4de9-978f-4423dd1d8f8b,Game bagus sekali,1/10/2021 2:43,playstore
6d10c785-b3e5-409c-9eff-4a6351cdf40f,Anjay keren banget banh,4/26/2022 15:36,playstore
53eb949e-4999-4289-b2b8-4a739d49f2f0,Seru game nya tapi....,9/27/2020 11:32,playstore
62249082-4378-4a71-abcb-9869c72d091c,Mantep cok gamenya,6/3/2022 14:17,playstore
32937166-88eb-4b83-b5fa-e5ea1e4ad234,Gabisa di donlot anying,9/11/2022 12:47,playstore
34d8f296-2a95-4800-b19b-487793ff0b3c,Jokowi pake sniper gimana ceritanya🤣,7/19/2025 17:22,playstore
7d7d6fe8-3f17-495e-af28-53b6fea83a44,"Males, gada fitur bunuhdiri",2/26/2022 12:00,playstore
0994ae45-a88a-4c3a-b4af-7f8fa7f11a9c,Unik dan seru,3/19/2022 8:20,playstore
8ba3e10d-4bc8-4f5c-b0e1-f1270726194d,bagus gamenya❤️,8/18/2025 5:07,playstore
0f886e1d-38ed-4ef9-9a3c-5ac838237b1d,Banyak meme anying 😆😆 awokakwoaka. :V orangnya niat bet sih buatnya sampai di masukin sounds meme,6/9/2021 18:14,playstore
695c52d1-e2e3-42b4-b16e-41b78b9ac26f,"gamenya sangat bagus dan sangat jarang ada game petualangan tentang Jokowi tapi tolong tambahin Karakter bapak Jokowi, ibu Jokowi, anak Jokowi, kakek Jokowi, nenek Jokowi, kakek buyut Jokowi, nenek buyut Jokowi, Sudara Jokowi, teman Jokowi, sahabat Jokowi, pacarnya Jokowi, followers Jokowi, teman dekatnya Jokowi, dan dll. dan tolong tambahin juga fitur mode depo, grafik anime, mode penghemat data, anti korup, multiplayer, online, mode survival, hardcore, mode sejarah, sedikit aja 🥰",10/15/2025 14:20,playstore
df773139-88a3-40f6-8082-0b43143421bd,gamenya gak ngotak,12/11/2025 0:10,playstore
8264fd6a-2556-45b5-b46f-e1257a6dd9cd,Game nya bagusss,6/25/2020 6:57,playstore
a6f029dc-3ba4-408b-aaec-8f20beac6dd2,Ah game ini jelek amat wuu game burik Tapi boong hayukkk papalepalepalepale,1/2/2021 13:42,playstore
14456118-58ce-41c1-bb90-75237af1729f,Game Indonesia mantap,2/9/2024 4:38,playstore
39a6ea77-1e63-407d-9a3b-9c05f70a24a5,Game nya bagus,8/10/2022 16:53,playstore
7f0843c8-c202-4b3f-b69b-6da40ad8e93f,aku suka game ini,2/10/2022 4:33,playstore
83eb52dd-f5e6-45d8-863f-28a4ee99b181,Game aling keren hidup ahok,12/18/2018 1:34,playstore
dc78438f-9648-427c-a33d-50388e49fb08,Game mengandung makar,1/4/2020 15:52,playstore
67050b58-a358-4fb5-918a-4f43188bf470,game ya mantap,3/8/2026 21:01,playstore
d90b8982-c40c-4cd0-b26b-90a3d0a29bc3,Gemnya bagus woi,1/18/2022 10:12,playstore
2fcfcb7d-af3c-4979-89fe-b9490818d9ae,Game nya bagus,3/8/2025 11:54,playstore
2ec5e03f-3967-4a40-bcf3-8d2ed8b06adc,Tidak sedikitpun,8/1/2022 17:29,playstore
a85baa3a-447a-42e2-b1db-1555969d349c,Ulasan yang menarik,7/24/2021 6:49,playstore
0533d593-35a5-47da-97da-bc4519da34f9,game yang sangat megontolkan😱😱😱,6/8/2021 2:28,playstore
4b94957e-defd-4849-8d64-c91c5dd1c5f0,Tolong ditambahi karakter2 politikusnya,10/16/2020 14:35,playstore
cdb3186a-239c-4795-8adf-b9f2d7710190,Lu gak takut ada kang bakso bawa ht ngab,10/7/2021 1:38,playstore
eb9c8e4c-3d0e-4b31-90d6-e9ae1496546c,keren cuma susah,6/27/2021 7:35,playstore
400e59ce-afc1-433e-bbf2-68f15a63e25b,Dev nya gabut 🗿,3/24/2026 2:38,playstore
ac589f68-18a8-45cc-9733-1178bdbb5579,geme yah bagus mantap,10/27/2024 4:53,playstore
f8536311-1c1f-4ebf-835b-b5e9f467249b,Jokowi harus tidak ada baru seru mantap betul,1/1/2021 10:52,playstore
73a1c6f2-cd65-4f49-b5c3-bf0de885899a,kapan update nya?,8/3/2022 10:16,playstore
82c95622-da54-473d-9778-00dcaa93da4e,GAME TIDAK JELAS,8/2/2022 3:59,playstore
6d33b1f5-b534-4d0b-ad77-760ddce02588,Thx ka bagus batt😍💓,9/15/2021 6:10,playstore
f3fe348b-44e7-450c-b55e-ca0a85602b80,Kita bisa melampiaskan kemarahan kita pada koruptor Indonesia dan pejabat yg makan uang rakyat di game ini,8/8/2020 18:09,playstore
161ea83f-1652-4f37-a703-aacd288c5780,bagus aku suka jokowi 💗,7/10/2025 11:17,playstore
cb25f73a-7a49-4fe8-872b-8929920d9250,Tambahin lagi dong bosnya Yuyun s jadi MC,4/24/2022 7:48,playstore
30e5ac45-13fa-4159-9322-0b58208df262,Mantap jokowi mendadak bisa geludd,6/17/2021 13:23,playstore
00cea29f-4020-4742-bf5f-a9bd1af90b4e,mantap gamenya,7/22/2025 14:14,playstore
831bd9ff-66b1-4649-91e5-6b2c3dc4e62c,bagus game nya,6/22/2021 7:22,playstore
8cfab3fd-3d76-4451-a206-2a7060b0086c,GAME TIDAK RAMAH,3/17/2022 7:51,playstore
fb5e28a0-0aed-4749-b202-b2dd3e4dce37,Mantap Game Nya,10/30/2021 14:21,playstore
9047aeb9-568d-4b5d-8310-00f4f49eb51f,Tambahin Nazwa Sihab Terus Ultinya Pake Pertanyaan dah auto Karakter ter OP,4/28/2021 8:35,playstore
a37d870b-0f50-4f96-9c7e-a2a13f058d23,tidak bagus=butut,10/4/2020 5:55,playstore
f71c2f77-1585-4975-9662-c2639da2deb9,"Analognya susah digerakkin njirrr, jadi kalah terusss pantess para koruptor susah ditangkap",1/3/2020 21:40,playstore
545283a2-bff0-450e-b6ba-80eb29cecbe9,Bah. Kalonya pemilihan presiden yang baru ini bagaimana. Terpaksa lah ada karakter baru.,8/22/2022 10:00,playstore
c8c0ad0b-4e16-490b-b6a3-84d2a6661c83,Gua gabisa ngisi darah,6/20/2021 4:18,playstore
2e378d13-fa71-4a61-8ac1-cb3bf74c1930,Kibarkan saya kemerdekaan superemasiii partai banteng MERAH,8/12/2022 4:53,playstore
927e9a64-75e9-4185-92d6-04a5f8b36ff3,Sya kasih bintang⭐⭐⭐⭐Coba dulu brang kali bgus.klau bgus sya ksih bintng5.,2/26/2021 6:51,playstore
89dec59b-3691-403b-81c8-c53cb736a4e0,Game gk jelas banget,8/15/2020 11:00,playstore
7e203db7-9bdf-4a63-bb5c-fa1aa0e1f00d,Mantap sngat bagus,6/27/2021 5:59,playstore
8d3c65ac-7493-4df3-96a0-4bd33ad939c5,asalamualaikum saya .... kelas 5 game nya burikkkkkkkkk,2/11/2021 16:46,playstore
7a9c9493-63a9-4401-87c1-a08157661d98,Game nya bagus,11/14/2021 7:36,playstore
08abc4fd-89ee-46a2-a3b3-5d4e9cc55d81,Gw kesini gara gara tik tok,6/22/2021 8:21,playstore
8447066d-cbfc-4a53-b856-6b79056bd90c,Game nya keren,9/23/2021 3:55,playstore
1892c6b2-6971-4cc6-9095-95bb19839273,Game nya bagus,8/3/2022 17:12,playstore
17c7d5bf-d9dc-4a00-b9af-a6f573ff1dbc,"Game nya bagus!!Jokowi nya planga plongo njirr..coba karakter terorisnya ditambahin joe biden, donald trump, sumanto.. Dan bossnya Putin",10/28/2022 3:42,playstore
d7884256-54fb-42ee-88ea-654cf9766984,Bagus sekali epribade😂,8/5/2021 8:19,playstore
e0652a0b-f8d7-4b49-a193-52c073df2fcf,Judul gamenya kocak😂,7/21/2022 16:42,playstore
3489972f-23b2-4c17-b382-b9e8a9c4d47b,game nya bagus 😁,9/7/2024 17:00,playstore
03f71a67-930d-475a-98de-c18d548d99a4,Game nya bagus,2/13/2022 5:43,playstore
f0a57497-0e00-4512-9af7-f621ee320f7b,Jokowi nya lumayan jago,4/24/2021 7:31,playstore
1e4f9d0c-d185-48de-a49f-6e0c5bba3372,Baksonya tidak enak,6/7/2021 11:37,playstore
bd43036c-659b-4917-a543-f9157fa4a23c,Pasti abg main pubg,5/7/2021 23:16,playstore
1e7e428f-9469-4118-ae14-d6d33023a24e,Developer amankah rumah??,6/18/2021 13:54,playstore
b059375d-8e4e-4fe7-9ce4-f3282aa2b900,Tambah tsunade dong kalo bisa,8/2/2022 6:29,playstore
6c6a7d56-176d-42dd-8dde-9aab6dd67a1e,bagus game nya,1/4/2025 17:04,playstore
4ac7c58f-ff64-462a-a86b-5885eb01405b,"Susah bg, musuhnya ke anj",6/22/2021 5:25,playstore
7f1232b2-6495-4cae-b7a2-1ac4875125ba,Game nya keren,3/10/2022 1:49,playstore
336fcd0c-7221-4e2d-9e50-400c272445ca,GAME NYA HD BANGET WAJIB 1KABUPATEN DONLOAD SANGAT KEREN GAGAH PEMBERANI,4/16/2022 12:19,playstore
dc041b3b-9729-4d6d-8d3e-0253dce2e8d9,"YA NDAK TAU KOK TANYA SAYA, UMMM ANU ITU 👉",4/23/2022 11:59,playstore
b523ab04-416f-4778-b0c9-08627f0115af,Game yang sangat membagongkan,6/8/2022 21:25,playstore
0c5a9598-9533-4c28-851f-78dbcd10dc9f,Mantap ada bapak jokowi,2/28/2022 11:21,playstore
1128f463-3888-44de-97c2-3eaff7d9eff5,Selalu Senang bersama Ngab Owi🗿,1/4/2022 7:37,playstore
7139778d-7933-4aea-9393-e2c9426c3e02,Bang Kenape bikin game ini,11/8/2021 15:38,playstore
e595a6fa-2089-4e18-a20b-42b49dd92dc4,Gemnya bagus,4/2/2023 10:09,playstore
c534cb34-cc13-49c1-aeae-46cab243b638,Habis Disaranin Apip Langsung Donlot Aowkwowowk,2/10/2021 3:57,playstore
4a76d6d1-0cf2-4a20-b595-e291348b17c5,Bagus game nya,1/22/2021 18:42,playstore
7bfc829a-7315-4eb2-8d21-34206f4cbedb,mantap jiwa mas bro saya suka makek pak prabowo,3/9/2020 22:57,playstore
d3283603-5636-4c73-b28a-942422118c99,Tambahin player nya min,4/28/2021 20:52,playstore
bfc21a84-d3c0-40cc-b4bf-36c24b43c85b,Bang lu masih aman?? Saran gw kalo ada tukang bakso lewat depan rumah kunci pintu ya,5/24/2021 23:20,playstore
cd804277-fae0-4410-a608-584ac167a8c3,Game ya bagus,11/9/2021 15:50,playstore
63473c76-a566-41ee-9f80-4dab826f352a,GOTY MENGALAHKAN SI BOTAK KEMBAR UNIVERSE,7/31/2025 6:20,playstore
3a63b78d-9d2b-48d7-ab5f-d691bac3234f,Gemnya keren,3/31/2022 7:54,playstore
f07fc0ac-0899-4594-b64c-090e74fa9899,Bgis banget sumpahhhhhhhhhhhhhh🤩🤩🤩🤩🤩🤩🤩,9/25/2021 4:30,playstore
c4f2469c-2043-4523-9d15-28d5ba301e3d,Kemren!! Bersama pak Jokowi membasmi korupsi,11/6/2021 3:42,playstore
df019a51-b3af-4bf0-b002-de53335d30dc,"MANTAP JIWAAA , GEM NYA BAGUS BIKIN SAYA GEMETERAN SAAT MEMAINKAN NYAAAAA !!!",12/25/2021 7:08,playstore
001a2c5b-1561-4741-af64-b5392c6332a8,Aku suka permain in,3/28/2021 12:18,playstore
cd9a2d91-6371-4a9c-a19b-fb7fdbf46ded,ini geme seru panter buat nunggu buka puasa,3/26/2023 5:37,playstore
2fdcc82c-3c4e-4868-a47b-04715659df79,Bagus buatan anak bangsa,7/8/2021 10:13,playstore
00de9803-9df2-44f3-920a-c1a3fbbdf831,Anjir nanti main ketangkap gk ya,11/16/2021 9:36,playstore
80ac483a-4354-43aa-a2aa-858db0fbf818,Gak ada item buat health kah?,5/3/2021 10:17,playstore
2943ecb9-5554-4957-ac8d-a90c262b8936,Karakter ny ngakak gw njr,2/22/2021 17:17,playstore
b1bc22dc-3e9a-4718-a4b3-102528da6517,GAME NYA SANGAT SUSAH TAPI AKU BERHASIL MENAMATKANNYA DAN IBUKU BANGGA,10/27/2021 13:25,playstore
decf1952-cc21-41fc-ae61-c2260f9f59b5,Cuma di indo doang presiden di jadiin Game awokwowkowkw,1/1/2022 12:07,playstore
8986d1a1-6bf2-44da-a091-1f9b54479d74,Mantap bapak yang mulia presiden,4/24/2021 12:18,playstore
611a0533-a400-40ba-9057-07e25dcbe7ff,kurang mas Anies doang,7/9/2026 14:08,playstore
cd5b043e-9fc9-43af-a0d7-fa47dea1b901,Disaat ahok pake baju kotak kotak disitu penistaan agama dimulai,11/2/2021 12:28,playstore
e0c51ab9-d22d-4ed6-8f2d-0827054ef9a8,Kurang Bu mega nih sama pak Luhut jhahaha :v,8/11/2022 3:18,playstore
7171932e-a2c6-4bf9-9bbc-cf47671e9fba,Gamenya bagus,10/28/2021 5:58,playstore
94e2ab40-5ed3-463b-acb3-39ed410a898d,gg lu tod buat game kayak gini,1/11/2022 7:31,playstore
42fd64fc-4138-4eb1-a3f0-bdd0a8e251ca,kalo Jokowi ngeliat pasti ketawani,7/5/2021 3:42,playstore
a927a022-d72d-4fcd-ac4d-09f2375864b5,Bang coba tambahin kaya Megawati Ganjar Anies bj habiebie Soekarno semangat bang,9/8/2024 12:04,playstore
c68494d8-6bf6-4498-8fbd-1b4abb12826e,Njr siapa yg buat game nya😭🙏🗿,6/23/2022 7:35,playstore
f391b7ef-4884-4a89-94f4-202ac2ac112d,Make a car Saran tempat nya buat kayak di Monas atau gedung DPR istana Bogor jgn di goa goa anjink,1/4/2020 7:42,playstore
2d4e503a-e808-4aab-a3ca-557c20681e18,Gamenya bagus,8/29/2021 6:50,playstore
c805b852-b1f9-4259-810e-847b869c0ff9,Gamenya bagus,8/7/2022 14:20,playstore
04169047-97ff-44d5-a1bb-a26f0ecc5d54,"Waduh, kok depan rumah gue ada tukang bakso tiba2 dateng 😳😳",4/30/2021 6:12,playstore
35f622ac-f297-40fb-9c32-6488df8bfdd9,Saran klo bisa tambahin Anies sama Rocky Gerung,9/12/2024 10:25,playstore
bf19a021-be10-4895-b96d-cd28e2f9708d,"belum login wok tapi ana kasing B5, terima kasih pak jokowii",7/19/2025 11:07,playstore
22988db3-b456-4239-87c0-cc1e6843da8b,GG lah intinya ytta aja lah,7/4/2026 6:05,playstore
b65ca1bb-9d69-456b-865a-fd83b94af4e1,Jokowi sniper op,7/21/2025 1:22,playstore
240eb9d7-f1af-4595-95be-2c759eb14798,Kren abis ni game,5/26/2021 2:00,playstore
93892ace-b566-4123-95d3-0d68fd9b045f,jokowi for 10 periode,7/27/2024 20:51,playstore
814effc5-b6ea-4208-857b-9cb8d327b6b4,mohon kepada pembuat Cara dapat skin Prabowo Itu Gimana Ya ?,3/29/2026 6:14,playstore
98e2e6d2-7207-4dc6-92d0-8c31ea22aa23,Mantap rio mama mu pasti bangga🗿,4/24/2021 15:07,playstore
90b81212-1080-4793-a964-10dfe704a773,Aku mau membasmi para koruptor dan DPR cabulers,9/3/2022 6:24,playstore
210e8440-a605-4a3a-ac9f-12e204540777,Bukanmaen Kek free fire versi hd 🤡,5/18/2022 10:06,playstore
4814ab78-ce2f-4d9f-bb94-deff6934c24f,Awowkwk bagus cok,2/15/2021 9:28,playstore
1071c339-554a-4378-8ee1-08ff783d457d,ENDINGNYA GAK ADA IJAZAHNYA GIMANA INI,7/21/2025 11:20,playstore
222a57d5-1a83-4b83-934b-57643a9338fd,Pesen gw sebelum main ini liat liat di depan rumah lu ada kang bakso kagak 😂,6/21/2021 15:41,playstore
a1e28fc6-3792-4b7a-b9de-a8e79c93b6d2,Seru karena ada jokowi,12/9/2022 23:29,playstore
611b92c8-c4c5-4c78-bb08-267eeec85937,Ngehoetank : smile Ditagih hoetank : yo ndak tau kok tanya saya,5/23/2021 10:30,playstore
e12791ce-31ac-4a0f-8137-9f1d7b29a7dc,So bakso tuk tuk tuk Gua suka Ahok,4/23/2022 2:39,playstore
8f93ca33-ea25-4ecc-b65c-ce80792a4191,Sekarang Jokowi perang beneran jhahaaaahaa,8/12/2021 2:45,playstore
c7784525-d215-4ffa-8340-aefa3afd5d12,masi sehat ni yg bkin game?,6/15/2021 18:31,playstore
8589512f-12c6-44f8-b2c6-658bc3e47eed,Rating ini disponsori oleh kominfo,8/1/2022 12:23,playstore
b1ae47aa-6a33-4f51-bef8-1336b126d857,Yang bikin gem ini sesat Bangat cu,4/23/2022 16:35,playstore
bc3f74b9-0e42-49a5-88ca-2c1a39b6e0dc,Sangat berkelas,1/24/2020 13:49,playstore
aa379afd-0045-4440-8f85-a315fd34c9ec,"SERU BRO GAMENYA, PERUALANGAN KAYAK MORTAL COMBAT DI PS",5/1/2021 0:21,playstore
88cd301c-4d5d-4bbc-a82f-53a1faa42cad,Nerf owi terlalu op 😱😱😱 Sma buff bowo 4 periode gak masuk meta 😭😭😭,12/20/2021 6:26,playstore
a942f9e2-3705-4163-8886-111561185d30,.................................... Game .......... Nya .................................. Bagus.............👍👍👍👍👍👍👍👍👍👍👍👍👍👍👍👍👍👍👍👍👍👍👍👍👍👍👍👍,3/21/2022 9:40,playstore
882ae13c-e0bf-4b6f-a661-4b44ff964df8,Aku berhasil winstreak pake pak prabowo tapi kalo pake pak jokowi aku mati terus pak prabowi thebest,4/22/2022 13:02,playstore
856a06ba-6432-416c-897a-dbd9c64039fd,Wahh hebat yhaaaaaaaaaaaa,6/6/2022 16:40,playstore
2b9aee30-6cd7-4b65-8c3b-ed7aa1cbfc14,pria solo itu membawa beceng baiklah kan ku beri kau bintang lima,12/30/2025 17:01,playstore
6883d140-cde3-4f58-abe9-5c71664133d5,Mengandung unsur kekerasan,3/8/2022 3:23,playstore
491fce06-dc35-404f-9375-77e1b9707429,MKST LOH AFFH?!!!! MUSUH PAKE SENAPAN GWEHJ TANGAN KOSONG.. katanya jokowi tokohnya ahok,8/6/2022 7:16,playstore
5002a5bc-5d28-4049-b281-b86d2fcd4c0d,Bagus👍👍👍👍👍👍 Bagus 👍👍👍👍👍👍 Bagus👍👍👍👍👍👍 Bagus 👍👍👍👍👍👍 Bagus👍👍👍👍👍👍 Bagus👍👍👍👍👍👍,10/29/2021 14:48,playstore
861efa29-e1f2-44bc-b200-74454c83db2f,"gg saya udah make Ahok, Prabowo, Ama Jokowi, gg semua bisa ngebantai semua penjahat ampe rata tersavage savage",1/10/2022 4:34,playstore
67bafb96-eb9a-4409-a2c7-c37c1efb3c52,Yang buat ada ada aja 🤣🗿👍,7/23/2022 6:24,playstore
f2bfc251-53d6-4b9a-b138-f9bfe51404a3,Jelek game nya,1/8/2020 2:17,playstore
211fb8af-8a11-4199-931b-9ab3bf43348e,terimakasih pak jokowi🥹😢,7/21/2025 4:26,playstore
4e47b87c-20fd-469f-a953-51c6c5e7e961,Fiks game nya keturunan tiktok🤣🤣,6/29/2021 5:53,playstore
330acf52-9d72-477d-8642-b7b2c7588dbc,Koq gak isi nama musuhnya ya?,1/7/2020 7:45,playstore
92f9edad-398d-41c2-867b-755605077174,Yang kasih bintang 1 penghianat indonesia,4/25/2022 3:45,playstore
e2f9c51b-1112-4f44-9618-e6ca64c539b4,Bang bikin damage nya Soeharto makin gede,7/17/2021 9:38,playstore
a495d3a5-ea84-4ad5-8c1b-5dedcf186099,BUAT YANG OPEN WORLD BANG TEMA TEMA INDONESIA GITUUU👍,8/3/2025 12:11,playstore
8ca28401-6478-42ee-8096-79da12b7d104,Kok gak ada megawati,5/5/2023 11:00,playstore
28e14839-3734-48fe-ab7c-7306daeee4bc,Game ini saya baru coba,11/2/2021 4:06,playstore
327bbb71-600e-4e7e-bd07-a45e43995de5,Keren bang kaya frefayir,6/22/2021 13:59,playstore
c983cc7d-3937-4186-88c8-664184e8e5b4,*** dulu ya klok bgus saya tambai,3/5/2021 16:16,playstore
53147d48-ec80-431e-a8c1-f5eff18d01e8,Jokowi Si PENGUTANG Ternyata Jago Berantem 😱😱,4/17/2021 14:36,playstore
46d3d315-7b06-4149-9411-a03d585a83f6,Jokowi 3 periode,4/22/2022 15:03,playstore
f1b71653-7318-4333-be4b-39b902fe4064,Drh karakter lembek giliran musuh keras cih,8/22/2022 13:32,playstore
7e9f05a3-0058-4c5a-8656-fdcd98c34adb,Mantap pak jokowi😀👍,10/7/2021 14:07,playstore
a2fcfa58-2cb4-425d-9dd8-0bfae972da40,mana jokowinya??,8/6/2026 3:11,playstore
be2c8a4e-77ed-46e1-86e4-8d152d5aec55,"Min, coba bikin game Putin Adventure. Pasti orang Rusia akan menyukainya 😅☝️",6/30/2022 8:01,playstore
f18a3376-74d4-4cb8-8d4d-bd9f4879e9aa,Tolong tambahkan karakter soeharto,8/27/2022 9:14,playstore
bf457652-b568-45fb-9530-6ed18d4fdbc9,Akhirnya bisa liat presiden kelahi,2/3/2020 11:35,playstore
a333198f-f50f-4d90-a749-c8b8759103b3,Tidak seru game haram,1/11/2022 1:49,playstore
968683cf-7d2a-4e20-ad80-bc5f193daa4d,"di cari nickname fb ""kira kira""",3/6/2022 9:02,playstore
85db8b4a-d00c-465d-9ce3-eca3ab85cc08,Jokowi 3 periode horee,6/14/2021 2:00,playstore
27b972ac-346e-4a50-8609-807f8a6b089b,"Anjing dada gua sakit, bangsad kau, goblok, bapak lu ribut sama gua. Ngakak gua njir",8/29/2020 13:44,playstore
fe4c6f11-06d7-4592-b202-e9d808d5ab59,Terimakasih pak jokowi,8/3/2025 11:04,playstore
748db51d-0aef-44a1-a459-30e5885e793f,SANGAD KEMREN BISA PUKUL SINI PUKUL SANA TENDANG KIRI TENDANG KANAN BERPUTAR SEPERTI GANGSENG SANGAD NICE,6/23/2021 13:25,playstore
62767f71-ddb0-45da-b9eb-29dea3c719a6,tambahin fitur ngutang bro 👊😎,1/4/2020 6:21,playstore
57a6ea69-d649-458d-8b44-3b1c96553177,Ku kasih bintang lima😜😛😝😋😅karna ada si bapak mang joko 😆🤣🤣🙏🙏🙏,4/16/2021 21:17,playstore
d708e360-96c7-489e-ae76-2bed6478ca9d,Jokowi semoga main ni game🗿,4/25/2022 3:24,playstore
4c641b98-086a-41e0-92d9-b5b4cc994e53,Tambahin pitur Mabar bang,7/1/2021 4:30,playstore
778c0979-fdb2-4446-a31e-37dfe10e05c4,seru banget tapi tambahin sukarno,7/19/2024 4:21,playstore
5053b072-3468-45ee-8721-474a3109142e,TINGGAL DOWNLOAD AJA SUSAH AMAT BAMBANK :0,7/3/2021 10:34,playstore
4a11a56f-2d95-4690-9ed2-6d5310c9868c,Mantap pak jokowi,12/7/2020 16:30,playstore
bdafd9a9-ad93-4178-bfab-39dc1616ddef,Bagus banget dah,3/19/2022 10:57,playstore
e952c870-92ca-4f3c-bb09-c3e060490f24,Bang tambahin karakter baru,7/15/2021 5:03,playstore
d65a354c-803c-4c44-963b-1f946b98cdff,Aku pilh presiden jokowi hebat,1/8/2020 0:06,playstore
fa971934-6169-4d78-8f47-0fdd49c8b093,Mari bersama memberantas korupsi 🗿,7/14/2021 3:02,playstore
cf6477a0-9f43-48ac-92d5-3977c9a3e8e1,Mantep nih mank gué tamat dalam satu héktar,2/10/2021 1:07,playstore
803f8743-3d7b-463f-8072-bac843b00b77,Jokowi selalu di hati,4/27/2022 4:33,playstore
4ecac7d9-7ff3-4c02-bf94-2120cde2d85d,sementara bintang satu dulu. ditunggu update char luhut baru gw kasi bintang 5,8/1/2022 9:01,playstore
ee4ae356-95ea-4689-a66a-57a10250a648,Tambah karakter lagi dong cuy😅☝️ -Luhut -Anies bw -Ridwan khamil -Guntur hidayat,7/30/2022 10:25,playstore
d7673cdf-5bc4-4d0d-bf68-8749e9bac711,ini adalah game ngawu,2/11/2026 11:47,playstore
9bcac547-9784-4197-8ecc-9fc66f166cd0,Bagus banget njiri,10/30/2021 5:09,playstore
5df80652-beb0-4ad0-9559-9d72edba3e07,tambahin karakter yg bawa MBG,3/9/2026 6:44,playstore
0134f1ff-7039-4fab-b8e9-f0917b16700a,Semoga nanti ada part 2 nya tentang membohongi rakyat dan menghianati janji sendiri ya 😏,8/7/2020 10:47,playstore
07bd5483-b4ac-4261-997f-d18526393b48,Woy seru !!!!!!!!!!!!!!!!!!!!!!!!!!!!!!!!!!!!!!! Siniribut lu,7/13/2021 12:10,playstore
c8ef1549-8082-4dd4-9a60-488e0469c317,Klau mati jgn ngulng dri awal min..ngk guna sumpah.,5/18/2021 7:38,playstore
ff6880e6-7886-4fff-bec6-1f437d8bb8c2,Sedang menunggu bebas dari penjara,6/18/2021 7:45,playstore
a9ed3102-c54b-4d0e-a7b3-117a5178174c,geme nya seru wkwkwk,6/12/2021 15:39,playstore
98c57eca-2da5-4794-88fe-bfb3f14ed12f,Nya seru parah sih beuhh,11/1/2021 15:30,playstore
05f620c7-9335-4f04-85d9-150bba8fd93d,Seru bat gamenya 👍👍👍,8/11/2020 3:29,playstore
5728e0dd-8b9b-4843-804d-a076c3675f0a,Apa cma gw yg kene sini gara2 post shiposter,1/6/2020 21:36,playstore
704c5b91-77ee-4080-aa6a-e6389c270436,Jokowi VS Putin menang siapa bang???? Jokowi mode slebew Putin mode wide 🥶,6/24/2022 0:28,playstore
10f875ab-bd8c-4eb9-b913-8517b765f165,Game Survivor nya boleh lah,4/26/2022 15:07,playstore
56fd37a8-2072-4644-b260-acd96acb2a7e,Aku mohon berikan lah aku skin jokowi sang penguasa ukrania,7/30/2022 5:17,playstore
891d99e7-777e-4071-9bd8-af754facc61b,Wow bagus banget,8/23/2021 9:42,playstore
ed468b8d-b98c-46d2-8bdf-35499394f5ae,ah mungkin perasaan ku saja...,4/7/2026 5:07,playstore
bed5d438-16b1-4bb1-9816-8446d74db7b3,Ngakak anjir liat bang Rio,8/19/2021 0:00,playstore
9a4ed2ca-17b8-4e7a-a2cc-8304150934bc,mantap pak Jokowi kereen abesssssssssssssssss,4/27/2022 1:57,playstore
88bdcff8-3ec4-4e78-8ead-95e9d72513d1,Makar tapi uyeeeeee,5/6/2021 13:54,playstore
57ade265-8cff-4b6c-8c34-9eb176ca6066,Mana part 2 nya,7/27/2025 11:04,playstore
77251f6a-c864-455f-8279-0f5a73f3e710,game apaan cok gajelas,8/6/2022 7:15,playstore
263f687a-e175-4d97-8d6d-6bcb1c8cc345,Next update kasih karakter baru yaitu Pak Presiden Soeharto,8/3/2022 15:26,playstore
646b129c-c00b-4e2c-81bd-c3542e5b3efc,"karakter terlalu lemah, padahal sudah lipat uang rakyat untuk merperkuat diri.",6/16/2022 16:17,playstore
6342a543-fd19-4aed-847a-6890aac6a062,Tolong Tambahin Megawati Dong,10/7/2021 12:33,playstore
0b5cf6a9-0b6f-4321-94aa-e52e80e0e540,Tambahin karakter bang🗿,7/8/2021 8:27,playstore
12407f57-b88a-4ac4-9d1e-e0e8e60ac4b2,Ok sip🗿 Game yg seru👍🏾,7/29/2021 13:24,playstore
0d125832-fe85-4441-9122-863effc53cec,Gamenya Keren,1/6/2020 8:32,playstore
52bd5498-cd90-42cb-ba8b-ad8d6945b22d,Kebenaran akan terus hidup❤,6/26/2021 4:00,playstore
a68d50df-37ac-4a2d-91ef-8646c094e3c8,Kocak soundtracknya,6/29/2021 5:40,playstore
9902f620-9ea0-4e51-ad6b-b28e3104eebf,game nya jelek,2/20/2026 14:49,playstore
98b4eb2e-b411-4752-a97e-576399740318,Gem nya mantap,6/25/2021 3:43,playstore
706b00ed-acb4-4dc2-8042-d12a80be3eae,geme nya Keren ada Jokowi sama prabowo,5/10/2022 11:32,playstore
544dc3d0-21b0-4125-bee6-20ebd76c9f70,kontrol susah darahnya ga jelas,7/13/2025 13:39,playstore
7f84d404-0f89-48fb-bc2a-5085f1dda712,Saran bang tambahin soe-,6/25/2021 7:46,playstore
25151d70-38dd-47da-8dc2-7e0de2e15929,Tiba-tiba ada tukang bakso depan rumah,6/20/2021 5:47,playstore
fdda63b5-ab84-4f46-8e3b-f364d9293fbf,Game Khusus Anak Meme Ya,4/5/2022 11:48,playstore
0ab6f162-7b60-4e98-b152-22457588d6cc,Ampas Jokowi Masi digembok mending buat karakter Maruf amin,1/24/2023 7:14,playstore
d8036a4b-efec-40ac-95b2-6cd357689916,"Bang rio kira"" akun lu aman gak? Di banned gak?",7/13/2021 0:02,playstore
9f41af95-d173-49cd-b715-1c8e80416c60,Saya suka jokowi,3/15/2022 14:56,playstore
9f5cafff-c593-47bc-9e9e-5694ed4514ee,Game nya seru,2/12/2022 13:14,playstore
132ed6fe-3444-45cc-b330-a778651aa087,NEXT BUAT PETUALANGAN SOEHARTO,6/21/2021 10:13,playstore
be203fcb-df67-4d61-839f-51f6f2992ed9,Keren gamenya,8/17/2022 3:04,playstore
ebd149c1-a577-4e1d-b681-3efd10297054,"Download gara"" dapet saran dari freshmemes.id 🤣",4/17/2022 9:58,playstore
1f0bbb40-8193-4e57-8fb7-4b931f340e4b,Di tambah sama habib bahar dn habib rizik.... Mantab,2/1/2021 0:27,playstore
a23a518e-1aa8-41df-933b-978faa6d2664,aku kok gabisa install woi?,8/2/2022 1:11,playstore
331c8e40-37e8-484d-932d-8127ba630b7c,"Gw melihat di depan rumah gw ada tukang bakso,gw mau beli dlu",6/21/2021 10:38,playstore
1a855f59-f39c-4dac-981b-d512bac8926c,Semangat mas rio,4/23/2022 23:18,playstore
ca9658e8-ff4c-4acb-bf1e-605262c9b36c,Bangga sama karya anak bangsa,8/28/2022 9:44,playstore
dda2768a-942f-4cdf-b408-c0c4b7ccceb7,Ada glich nya,8/15/2021 6:34,playstore
ead814de-bb63-4452-8a55-788f1ead650f,TOLONG TAMBAHKAN KARAKTER SILUMAN BANTENG MERAH,7/30/2021 15:37,playstore
7f1d9dc6-13eb-42ec-a122-aa0c6e198906,Mantap sekali Jokowi ketinjuu,6/4/2021 6:29,playstore
6ba256f7-b3a8-47c1-a8e7-d652f231efe7,tambahin Bahlil bg sama latar pertarungan nya di lahan sawit😂😹😹,2/9/2026 12:38,playstore
da9fafdf-82a1-4d48-9056-de0519328b57,Siapa yang kesini gara gara grup shitpost??,1/3/2020 14:28,playstore
220db990-441e-4115-b2af-614c8a3c5358,Bang coba Jokowi vs para koruptor 😂😂🐸🐸,1/28/2022 10:14,playstore
9f98fa1c-fd45-4636-b413-5dfe40456b3f,pak Jokowi suruh main ini 🗿👍🏻,3/30/2022 10:42,playstore
8a68a9e3-bbaf-4c72-96e2-7be2979f2e23,Hati hati ngap ada tukang baso 🗿,7/5/2021 13:56,playstore
42a66ef7-cd8c-40d8-b2d2-c24de3a02da2,Lagi dwonload gays apa yg terjadi,1/6/2020 8:09,playstore
fcbdd0d7-0fcc-4ff4-b3a2-88616f437a47,SRIUUP AH EHM SAYA LAGI DOWLOAD JADI APA YA JADI GK TAU BAGUS GK NYA MINUM KOPI NIH JOIN SINI SRIUUUUUUUP AHHHH SEGER,6/18/2022 4:48,playstore
9338b0c6-5b6a-4447-8b35-845e8a980593,game sampah nggak jelas,8/28/2020 23:40,playstore
84224750-9664-487d-8b6d-8e31065485a8,Susah banget sumpah.,6/9/2022 11:07,playstore
517725ae-386c-420e-bf8e-b3638c87f06a,"ntar villainnya ngkong"" china dgn soundattack ""haiya, oo""",1/4/2020 2:50,playstore
5aeae87e-439c-4e80-a241-d577a8b43551,Anjay aku capek tapi gk bosen,3/4/2022 8:17,playstore
60e65e4b-e1ed-4b5b-a134-3b1ddea5396a,Game buat mobil,1/3/2020 12:10,playstore
7fb7a102-6213-46c2-941b-f26771828f64,Seketika depan rumah gw ada tukang bakso,5/25/2021 9:17,playstore
a42aa1f9-a63d-415b-8adf-319606ad718e,Era prabowo skrg bang,10/1/2024 8:15,playstore
f3e44b8b-cab7-4e3b-a495-2516ea04bf91,Semangat bapak jokowi,12/2/2021 18:18,playstore
a81b25be-86e2-4df7-9c10-11e49e1bc9b5,blm download wkwkwkwkwk,3/18/2021 13:03,playstore
9594c957-dde9-40f4-880b-cfa03af77f16,Jokowi itu binatang Jokowi binatangeeeeee,5/11/2022 10:34,playstore
18d09c0b-da10-4afb-a344-1ad84ea6e492,Tambahin Megawati jadi final boss min,7/9/2022 13:25,playstore
5de2e1a6-0e57-48de-8bbd-5e65caa6f9c7,Gak guna si tpi seru😂,10/31/2021 18:47,playstore
54382669-fd68-4d93-b122-1eb7066e04d5,mantap wajib coba,1/23/2026 3:55,playstore
edbe72ff-e549-492b-a3dd-d83526ab463b,Game android murah dan,6/19/2022 21:36,playstore
3689ea29-196b-446e-ad0e-cc6e97573367,Susah Kali nii game,6/21/2021 8:08,playstore
ac2810ee-625c-4399-b646-b10fa051e4a2,DEY BUSUK GAME NYA KIKIR BUKA KARAKTER AJA NONTON IKLAN YANG BURIK MANA BANYAK PULA IKLAN NYA DASAR DEV KIKIR,4/18/2026 7:44,playstore
ef3f0da8-4638-4161-b0b0-c0e41e02f0ab,Njirr isi nya kaya anak meme,5/14/2021 10:10,playstore
7f1f6fa3-cc54-4ddb-951f-e86e70e772ad,Ngak usah ada darah nya,11/2/2021 12:35,playstore
6ff58ea4-e678-47c6-97ee-037e4900a622,Tambahin fitur ngoetank dong koh,4/22/2021 10:05,playstore
0898e22a-4ec1-4568-8ad2-1bbe12c21cb2,Semoga dapet sepeda,2/21/2022 17:48,playstore
0e6c3334-ce69-4b4e-a3b3-0150cbc07eb7,tidak ada gorong-gorongnya,7/29/2025 13:55,playstore
004ef88e-6779-45cc-96bd-4f6480ee12c5,Yo ndak tau kok tanya saya,4/25/2022 13:27,playstore
3429cc85-1a7f-4b81-b58b-84b36222e5f8,cara buka pajokowi nya gimana plsssssss,3/25/2022 5:23,playstore
a077222d-e872-4b82-b41e-215c426c7828,So bakso....bakso...bakso,6/19/2021 2:51,playstore
12087088-0e2f-4c7e-8c2f-40d02fce089e,Tambahin puan Maharani dong atau luhut,6/16/2022 11:12,playstore
8efb7a29-0526-465a-8a70-de38757e2063,Tolong bi§a didownload dong,12/23/2020 3:26,playstore
36c481a6-3897-424c-90e7-ad89930f2d26,Gamenya Kocak njir😂😂😂,11/3/2021 11:28,playstore
63898604-ef41-477c-a94f-eac97061c4ae,nama doang petualangan joko gj🗿,4/10/2026 13:27,playstore
25d47b4e-9d56-4fc5-b13f-9643a16276b0,tambahin boss battle lawan Megawati Puan Ferdy sambo,2/6/2023 12:43,playstore
c99522a7-bea6-49c2-93cf-6d64a6eca24f,Burik bagusan epep😏,2/9/2022 13:54,playstore
9bdf5e69-269e-4d95-9c44-e4a8714f32bb,AHOKNYA NGECHEAT BISA LOMPAT TINGGI,8/4/2021 1:43,playstore
1b30e3b2-78ee-47d1-b016-1b8a6142b5ed,tambahin cerita dong min!,5/18/2025 12:54,playstore
f59e6605-1259-49ec-8b5a-fa20f9550cc6,Harusnya di tambah karakter pemimpin PKI Tn aidit,2/20/2023 3:53,playstore
2617e42e-62c2-44be-8c1f-81e4d1c00384,Intinya bagus,1/29/2023 4:39,playstore
f4ca5f98-4fa4-4243-8f54-b61a27cc6e16,Darah nya ngak tau di mana isi,2/14/2020 16:16,playstore
1e925287-33b6-42da-8f5f-f0e3d91d544d,Tolong tambahin sukarno,1/16/2020 6:13,playstore
b45e387c-1a6e-4a66-8143-1664288f8539,Ya kali 1 lawan 8 gila kali,6/23/2021 16:31,playstore
a634a40e-cd13-47b2-816a-43aae5482075,Aku udah tamat bang,10/13/2021 13:48,playstore
a1d91ba2-b8db-4bdb-b35e-788f441d0140,Boleh lah mayan,12/11/2020 2:21,playstore
ff07980a-a69c-45dc-b45a-ff14e77064e5,Bagus sekali itu,5/9/2022 13:43,playstore
77a1748d-9f40-4563-b8f7-d6e19f1c7d83,Tambahin bu megawati,6/26/2022 10:11,playstore
fcc062d8-c245-4384-b43f-23a68984625b,Penipuan berencana,4/24/2022 19:05,playstore
4e9cb492-21dc-4368-a4b7-2e5d269d439f,Kapan ada stage baru bang?,4/24/2021 17:40,playstore
96768f80-f364-4279-b12b-34bbf37104bc,Yo ndak tau kok tanya saya🗿,6/28/2021 19:13,playstore
b40ddc59-b22c-46eb-8f30-f46be309ef41,Presiden sendiri di buat candaan😐,2/16/2022 16:22,playstore
6588b1e3-6d5d-41f4-b9a7-fbd01a7157d1,Ya ndak tau kok tanya saya,7/26/2021 10:13,playstore
3fd1fffa-cda9-4e20-8368-75b8dce69c2d,Mantap pak Jokowi bertarung,7/13/2021 10:09,playstore
c0648d8f-f117-4916-b796-72ca1e2a1f4e,Seperti mengasikan..🤔,7/7/2022 7:56,playstore
e3ec8dac-3ccd-451e-80e7-54eac2351d99,Keren bgt apa liat² 🥵✌️😽,10/16/2021 14:54,playstore
7ae3268e-931d-453f-a4cf-a90d1048020d,Semangat pa jokowi,6/10/2021 5:31,playstore
17e09a21-a636-41e1-8058-1bb2b6ebeccb,SANGAT SANGAT YNTKTS,9/28/2022 9:23,playstore
d38c5eb6-43d4-4aec-9b83-7fbf588dd708,I love pak Jokowi 👁️👄👁️❤️,6/28/2021 0:50,playstore
f0936041-0b3f-47b4-ab42-d437466319a9,Saya dimarahi polisi,5/6/2021 5:38,playstore
4855db32-0e3e-438f-b7f4-f2a03659dd0e,Pak jokowidodo mantap,11/12/2021 10:04,playstore
b2e0eeb0-aa19-409a-a388-da58f8551f7c,Gk bisa diinstal,9/22/2022 15:23,playstore
b39aabc9-e3cf-4a99-bc41-0a840b2f223b,saya akan lawan,6/3/2026 15:36,playstore
9a7b95c9-d369-43d3-91c5-145f74881008,saya akan lawan,6/10/2026 9:44,playstore
523b77f2-3bd6-4572-91e7-31ed27c28b08,next musuh juliari batubara owowkwkw,4/1/2022 2:57,playstore
7a0a22c3-1005-4c6d-953c-02e33f9fed19,Yo Ndak tau kok tanya saya,10/12/2022 13:23,playstore
80803b59-2207-4345-a9db-fc6c33455557,Ga jeas gamenya,1/15/2023 10:06,playstore
14064d61-a3c9-4e59-b5b8-bdb6a401c4ff,Rio mama kamu pasti bangga,10/29/2021 3:38,playstore
4412184b-4a42-443c-b389-cbe3ec050e2e,Tiba tiba tukang bakso lewat,7/2/2021 10:54,playstore
d75caea9-d08b-48ab-963e-aab573d642b2,Btw bg depan rmh mu ngk ad tukang nasgor kan?,6/13/2022 6:12,playstore
226082b2-1273-4fa4-8fed-0950a4039b34,tambahin bahlil armor etanol sama prabowo armor sawit,2/8/2026 13:11,playstore
d68ba3b8-d046-4658-9b4a-53cac483e2e4,Pick abu zenddal malah harakiri,2/17/2021 14:54,playstore
64a5104c-f088-4877-821d-0e8c49226480,Jokowi bilek:Rakyat kontolll,3/8/2022 1:26,playstore
168316c1-9b62-4d55-8bbe-17e3862c7ade,AKHIRNYA BISA MELAWAN KORUPTOR,6/18/2021 10:03,playstore
0da9c057-c612-4584-aa55-2c4f6b779c58,Yo Ndak Tau Kok Tanya Saya,5/31/2021 16:15,playstore
9efede69-001e-41e6-86d4-2df48fd3224e,Ke sini gara gara tiktok,9/15/2021 11:01,playstore
e5a74e1e-b959-4389-bbe6-504390cb5346,Keren pak owi,12/26/2021 0:03,playstore
e75cd0c3-5ae9-4443-ae16-2d91f8eedbca,Wkwkkw lu apain peresiden jokowi,4/29/2021 18:13,playstore
57d2c036-af20-4505-9d2d-780fd3e0a3e5,Permainannya seru,3/13/2021 16:28,playstore
d0193350-eef5-4cf5-9af6-3f591b6fe7fe,Pinjem goceng dong bro,1/4/2020 1:51,playstore
8d7a67a4-13f7-4ecf-abef-5d85c8d17dbc,Lanjutin chapter 2 nya bang,10/28/2021 12:08,playstore
bad92ecb-0f33-4258-9865-bcc7b01036f8,Semoga 45 periode,8/22/2022 4:37,playstore
dac7b61f-87bd-4e10-8191-e4a0ee2e0066,TOLONG TAMBAHKAN SKIN JOKOWI PEMANCING DAN AHMAD SYAHRONI DENGAN ULTI,9/12/2025 7:39,playstore
c9c1814a-b9b9-49ed-9c99-65baba390805,Dikasih tau tretan muslim,7/12/2021 15:02,playstore
6b2ec3a9-1e10-428b-a488-d4de54d9db82,Si ahok damege nya ga berasa,10/9/2021 10:06,playstore
5cc7543c-b029-4599-9091-6338b50d75e9,Download nya lama kali?,5/13/2021 12:34,playstore
694f78fd-edba-4df2-ad4d-211b4c53d61a,Jokowi udah nonton??:v,3/15/2021 16:11,playstore
7d1e0861-2bcb-482e-b93b-ed2a0c3c07b0,Masih Hidup Kah Bro?,4/22/2022 13:11,playstore
72dfbce9-711b-46fb-a8ec-f64123bada97,Gk jelas game nya,2/29/2024 3:30,playstore
aec11ebf-326e-4c15-8378-23d106a4a23d,Maenkan sebelum dilarang 😅,8/2/2022 11:57,playstore
de98246c-c3c8-46fd-a691-40f8340217bd,Rio kamu anak pemberani,12/30/2021 13:23,playstore
9db1e0a4-65ce-441f-b33f-d1ab2db69e67,Saya ingin seperti pak joko,6/29/2021 14:38,playstore
eb880503-b72f-4718-bbdc-4d226044ef71,Yang kesini karna tiktok,6/21/2021 7:36,playstore
873e70fb-1db1-449f-b8d0-15fc413128a1,Nice pak Jokowi,1/15/2023 7:10,playstore
6d2b015f-a624-4f5b-b3c2-e5c2f1333781,Keren cuy kwkwkkwk,3/19/2023 23:46,playstore
6b7bf4a6-6370-4599-820e-638d48f3c259,Salam dari Indonesia,10/31/2021 13:47,playstore
bd77fd2f-7abb-447c-aec6-fae22920890c,next buat petualangan prabowo bang,7/30/2025 14:19,playstore
9415f336-5adc-437d-82ac-944989ac157c,Bagus bangat banh,8/25/2021 14:50,playstore
fe7633ec-6e74-4767-8733-881b31cd05ce,Cukup menghibur,2/27/2022 11:23,playstore
b0e5bfd3-df92-4b2d-96c6-05f391b456e2,Berasa jadi genji,11/9/2021 16:38,playstore
2343735a-1c56-4582-8d42-727b00f7aca1,Gem seru sekali,11/28/2020 12:03,playstore
dcf90480-69cb-461a-942c-66490d04bfe9,Mantap Gw Suka Karena Toxic,7/24/2020 1:27,playstore
68493bb0-6171-4923-8641-fa562dfca3cf,mantap ada fufufafa tapi ada sahroni gk mati mati,12/7/2025 7:49,playstore
b467961d-4542-4a63-b489-e2315568fcea,Apa cuman gw yng tau game ini dari suki:v?,8/28/2020 16:48,playstore
95ded15d-4b4c-4a89-b11b-c2ea0c099b79,Soeharto nya mana toh ?,4/6/2022 14:26,playstore
7aa704e5-2f12-4df5-ac20-c5e1e61f26dd,"Burik anying susah bgt,dev ngntd Jokowi lemah",2/28/2022 2:37,playstore
1b400cf0-1129-4fa8-9b6f-e48554f96dd7,Di depan ada kang bakso?,10/28/2021 1:00,playstore
d8cf1ed7-75f5-47fe-af87-a0391e6baa58,Kocak gamenya,7/13/2021 14:24,playstore
a537a195-09e5-4f19-b193-49402ecf821c,Apakah ada pertarungan antara PDI VS GOLKAR?,1/24/2023 0:57,playstore
22e9aa6c-54c5-465e-bf61-fdbaf7efc80c,Masi aman kan broo?,10/28/2021 8:43,playstore
f154c1bc-a6a2-468e-ac4c-d46bedfbd19a,Tambahin ratu elisabet. Bang 🗿🗿🗿,5/15/2021 6:08,playstore
70d9e54d-b7ba-484e-b7b2-318c605f8fcb,Jelek & membagong kan,5/25/2021 4:09,playstore
e5ace417-a036-4bd1-9271-65a4f6d7ca93,petualangan mulyono😹,7/28/2025 23:45,playstore
2dc4a0c8-dbc6-4b46-8fb9-f3a0702cc6bc,Yo nda tau wo tanya 🙋 saya,3/13/2022 11:28,playstore
cc848223-10ba-4dfe-9f01-4fc30347c413,Jokowinya burik ga sopan,9/18/2022 5:39,playstore
817f4d62-55c8-40a1-87e5-ec586e06dfb2,Geme yang sangad mendidik,6/9/2021 17:14,playstore
11e27e1d-3e70-4800-9fdb-449f331e5453,Yahahha slemek bokong...,4/22/2022 11:31,playstore
04636b98-022e-41d8-a550-3856cab57dad,Ahok?????....nggak ada caracter lain apa,1/6/2020 8:24,playstore
ef2be38a-fe11-4544-9399-eaa752ed5106,HARUS NYA MUSUHNYA KORUPTOR😎😎😎😎😎,11/1/2021 3:30,playstore
ed66fa4c-11cf-4d95-8243-067f7d36630e,Seru anjir ngakak sendiri,10/30/2021 10:45,playstore
d0c0b085-b24d-4744-8f0d-5ed12a52979e,Cukup menghibur .,7/5/2021 17:45,playstore
e2348ed5-c516-4ad5-9f0b-01d4b5f6a9ee,Saya temannya Rio Yudi P. dan Rafif Dani Putra,10/6/2021 13:03,playstore
a2525edd-47f4-4461-921f-d614fddd5816,Jelek kyk jokowi,9/24/2024 4:18,playstore
3537ae69-cba3-4302-afa5-cb47b6df5b2c,GILAKK KEREN ABISS🥶,5/12/2026 14:26,playstore
86e95adf-d039-4e43-8e9c-352b26066a1a,itukan pria solo,2/19/2026 10:31,playstore
4f1defc9-3733-4da1-ab62-08f0872051b0,miripin lgi sm jokowi😹,5/13/2026 0:05,playstore
f4191194-399d-48e3-840b-b57048398224,ahok mirip bigmo,2/20/2026 19:00,playstore
755cd1eb-1f6a-4ffa-98f7-f981148b7044,saya akan lawan!!!!,5/7/2026 6:31,playstore
cb7e034a-b74d-4707-964c-5ff573314921,anjir presiden bisa pertarungan njir,1/21/2026 10:37,playstore
532ca4c8-e27b-4a5d-b745-451103aa15bf,Game Nya Kocak,1/6/2020 8:09,playstore
9027f0f7-d727-4d27-b768-5c48b38521ee,Ngakak. Gak pakek koma,10/29/2021 13:12,playstore
9ac9f34f-383d-4a38-8878-2a42987305eb,Terlamlu susah,5/2/2021 5:31,playstore
d7edb42a-355d-4a12-b217-a3f79f78bdc6,Jokowi 100 periode,7/26/2022 12:37,playstore
f3bb3d5a-691b-4061-aa60-acc6eb251211,hmm aku gak ikut ikut,3/4/2022 13:02,playstore
64089e60-142e-41d7-bd96-15258f3460c6,Aku suka gm ini,2/3/2022 11:42,playstore
b2cb1ee9-ec5b-4495-b054-8db606a7aadb,Bang lu masih ada kan?,3/28/2022 13:34,playstore
aa57d180-c83c-4077-82e4-bc102cf0ce5e,Adminnya asik bjir,7/21/2025 8:11,playstore
fc8bf5e7-8401-41a2-8d96-ab71a124456a,Jokowi nya noob,10/9/2022 23:58,playstore
27b3c2c1-c3cc-49ac-8bc1-c968fad8dfd4,Gue jadi ngeri aj***,2/17/2021 8:09,playstore
fcdc0d3a-3f37-4192-add7-518121b915e8,Wah. Murah. Bange. HeHeHe,4/25/2022 3:55,playstore
6a694c73-e52f-45fb-9258-ed9cb7550ae7,Bjir :v jokowi punya petualangan,5/21/2021 11:58,playstore
b2e14f23-1704-49ba-b150-31e8cb244b73,banh kamu ga takut hilang?,1/10/2022 6:27,playstore
f3c823c0-5c60-4b8d-8867-d4dd9aefa8e5,Salam dari binjay,11/6/2021 6:41,playstore
2a550946-2830-4f9e-b3f9-b42a858e9ad8,Teruslah berkarya👍,7/30/2021 0:06,playstore
a34f1a81-2e6b-4c02-9274-b670d5498548,terpopuler di dunia,4/17/2020 8:57,playstore
ffabe2ad-f0b1-429b-90f4-d7d65929dee0,Tolol dan lol,11/1/2022 0:22,playstore
051a049f-3cc2-4802-949d-ab366d15b5f4,Perjuangan!!!!,11/2/2021 14:49,playstore
e9323bdc-7c27-4702-8008-06e958e2e668,mantap ada gibran,9/11/2024 3:30,playstore
9f625517-bedd-4368-91b5-d5740c67b75b,So bakso bakso,7/14/2021 12:06,playstore
b3b806df-7f1b-4f9a-a1d9-3ae590db5716,GAMENYA SANGAT AMAT MAKAR,4/22/2022 8:22,playstore
d87a4c65-4b72-420c-ad94-a9ac2c682df3,BANG TAMBAHIN KARAKTER FUFUFAFA,7/19/2025 14:20,playstore
f1fbc9a7-1e39-49e6-ba83-0cb4ef4345ff,Payah ini namanya penghinaan presiden,3/8/2023 2:35,playstore
b168eb21-a966-4929-a6e7-5a48f8480c93,Anjay ada jokowih😁,8/1/2022 11:03,playstore
4f050c10-e283-43e3-93e1-d31e1a8cf70a,Kalahkan penjahat,6/10/2022 11:54,playstore
24af9ec6-f327-41da-83e3-d3294158688a,Kekerasan terhadap president,1/7/2020 12:48,playstore
70e3557b-ea47-45f1-b7c0-57e146e5ce3a,Ini sangat seru,10/6/2024 2:08,playstore
652609a0-dd81-414b-b176-7c1e99e95cd4,Jokowi siapa bang?,2/16/2022 13:26,playstore
22bad655-da48-468a-9c8e-a62a4b32ee56,Aku mau asal kita kawin mau,3/4/2021 7:35,playstore
b87239c8-5904-4a0b-ba4e-7393dd4abb24,Kapan pemilihan umum,8/9/2020 5:21,playstore
6cac955f-b858-4ee2-8a18-61b970a9edcd,Belum di coba,10/15/2021 15:42,playstore
ba5ff12b-d07b-466d-bcd7-c1d49e49ee21,Salam petarunx 😎💪🤙,2/25/2021 14:22,playstore
acc3589f-c5aa-4396-8a62-42b4b97df06c,Ngakak anjir gemnya,3/10/2022 8:50,playstore
3c12b177-23a0-4bd1-8411-57b3ef398308,Game yg sngt,7/31/2022 13:49,playstore
ca30f6b6-e171-46a8-899d-d4ada3af0325,Yg penting jokowi,2/14/2023 5:43,playstore
01ab99f0-2048-45a8-bab4-2dbdf59bbd79,Tambahin Soeharto bang,6/30/2021 2:18,playstore
a6e014c3-b8ea-42f7-8865-f51833156cdd,Kijang satu ganti,8/8/2020 13:05,playstore
c1231de1-eb19-4543-8c2b-34d442c9b7af,Koh hoetangk owe koh brp koh,5/31/2021 15:00,playstore
d7a1c24a-e0fd-4f5b-a90e-6137e8230839,Uyy mengerikan,11/14/2021 13:15,playstore
fabdcdef-8701-4067-b042-e2328cee7240,TAMBAHIN FITUR MABAR DONGG WKWK,6/22/2021 15:07,playstore
30bf681c-7f41-49bd-ac90-aa7c02fecc3a,Salam dari Binjai,11/6/2021 6:11,playstore
c11e3752-b30b-40d5-90fd-8e273701e203,👌ok juga sih,3/21/2021 4:03,playstore
a53f8064-7a30-4379-a612-2768370626fe,Menghibur sekali,8/10/2024 3:58,playstore
03a423ce-24af-4fff-be97-2d928efa3814,Ngakak donglowd nya,10/31/2021 6:50,playstore
34a8e3e2-a762-465b-99d5-0b77b3c790b0,Tambah karakter soeharto,7/25/2020 18:03,playstore
389294bf-f77f-406c-8d66-7c15642a7925,Waw lama banget,5/5/2022 5:02,playstore
9f7300d2-c90c-4c7a-959e-06752c19505b,Gemnaya gak seru anjerrr,5/25/2021 10:41,playstore
025ee260-6475-4549-887e-0ebd453bcf3e,Ini baru game,1/3/2020 10:27,playstore
c644b7e5-1d14-482c-929f-764df7703c54,Halo pak Jokowi 👍👍⭐⭐⭐⭐⭐👋👋😹😹😄😄😄,9/27/2022 9:34,playstore
765955be-51c8-4faa-b024-5c3823c9543b,Semoga sehat bang🗿,3/7/2022 5:42,playstore
1553c8b5-bc34-40c1-93b1-cb15d4b2843c,"Download gar"" liat bg Qorygore maen 😅",8/11/2022 18:06,playstore
9034e2cf-09b1-476e-b8c4-f07bdd0a7f98,Tambahin 7 presiden lenkap bang,5/28/2022 9:44,playstore
becf38e1-a544-4621-b12e-ec42069c294f,Jokowi gaada dameg nya bg 😠😠😠😠😠,1/21/2023 14:43,playstore
8ed33c35-f3dd-4286-a086-be99129bb627,Kesini karna tiktok 😁,10/28/2021 23:20,playstore
6cb99107-efbc-483a-97de-d2e6011135fa,Game buat orang2 munafik,12/23/2020 15:24,playstore
1c6de5d4-2313-4136-ade0-c73b7551c491,Game nya GK seru,10/27/2021 14:42,playstore
3e99b753-5d60-4046-9434-6904f31cbd7c,Mantap Hajar koroptor laknat,7/3/2021 4:18,playstore
4cff3fca-fb5a-483f-a23b-c0d6cc100009,Gak seru cok,9/10/2021 4:19,playstore
c67985c5-e618-4a03-8770-5bd2f099118a,sherlok tak parani 😹😹😹😹😹,10/10/2025 11:20,playstore
9c943789-a0ae-4edb-8ab5-d8a180b963cc,SIAP 3 PERIODE,1/30/2023 2:37,playstore
525b1c5e-d479-4d68-a281-3ec0c8de1671,GG bro 🗿 wkwkwkwk,3/10/2022 4:07,playstore
aee68cc1-f164-4806-b1cc-8174b847a28b,Seru bgt sumpah,12/4/2021 13:09,playstore
604b510e-4eeb-4dfa-9e7c-b6d89e2f66a6,Anjaay jokowi cok,3/28/2022 8:30,playstore
839a4d48-58d8-4c08-a738-fa592981a397,Gak ikut ikutan,8/8/2020 2:33,playstore
2e1909e6-2993-4f08-a6bc-9e0af50951e4,kapan apdet,4/21/2022 7:12,playstore
53f04335-5cd8-4008-b945-f5ba2264c4ce,Menghoetank koh,3/23/2021 4:36,playstore
269ac71c-5248-4bf6-9836-763e4eed789d,YA NDAK TAU KOK TANYA SAYA,6/27/2021 12:23,playstore
a6388c57-7eaf-4ea4-8cbd-c611e213c323,semoga gak di pidana,4/30/2022 16:34,playstore
6c490434-e1d2-40ca-9f5b-635ff91ce639,Membagongkan,10/7/2021 13:15,playstore
2e658a61-5538-470e-a196-8c04a97221b1,Anda mau hilang kah,7/1/2022 12:38,playstore
2a073187-c53e-4741-9ed6-430608ebf974,gema yang ane,3/29/2023 5:54,playstore
d2ea066d-2e79-4a21-b11e-eeaf708f1d80,ahok vs kampret,12/21/2018 16:55,playstore
1530ffe7-ac62-4ffc-8152-87dbb7ff78ba,penantang maut😱😱😱😱😱😱😱😱🥵🥵🥵🥵🥵🥵🥵🥶🥶🥶🥶🥶🥶🥶,6/21/2021 9:31,playstore
e9e988da-7dbd-450c-8156-2bf04ad0cff4,Blom di coba,8/10/2021 3:59,playstore
c64218e9-a334-4bd5-a070-0af50e5e43c5,tambah Bahlil bang🗿,12/20/2025 12:35,playstore
c279f39f-ba5a-4c92-9cc3-065f9d14997c,Mainnya hebay,5/25/2021 4:25,playstore
dc579389-4517-436d-8ad2-706a7fe7e722,Anjay jokowi gelud,2/15/2022 12:14,playstore
155ada9c-bef8-4c1f-b66a-156300f346ae,nama nya menghina JokoWi,3/15/2023 11:42,playstore
f384fd39-3c79-4d86-aaf0-87f8c6977749,buatan anak bangsa,12/21/2018 7:29,playstore
4796c8f3-a716-4fa4-b2e5-b0177caf8f14,pak Jokowi hebat,1/20/2022 10:32,playstore
4f6980a5-2f49-49fe-834d-f6b73c0180d9,Anjay Jokowi huahahahahah,2/2/2022 10:55,playstore
3675b613-da42-44ec-9172-397c9be43232,ENAK BANG ET,11/2/2021 4:48,playstore
1ebdd2c7-f0d5-4186-b700-db69cee888d5,Saya membenci rezim ini,8/1/2022 11:25,playstore
3259b73a-fa4c-47b1-a38b-f8cc635489a9,PETUALANG JOKOWI 111@44 Erdf,9/17/2021 3:01,playstore
9895f4b2-8c3e-4e43-bbcd-28c779898026,"""Mainnya Hebat""",8/10/2020 5:01,playstore
bff21428-42d0-4c51-8c3b-5a6b142141a3,Yang penting rating,12/31/2022 14:51,playstore
fe8137a5-5cda-47f4-a66f-4e1e6e4d2a07,Gatau Belum Coba 🗿,3/28/2023 14:16,playstore
3785b9ba-20f3-4228-931c-f6e8793b5d0e,BAKSO BAKSO BAKSO!!!!,6/19/2021 0:11,playstore
b815e029-a673-43ec-8e52-5344ecc6d78a,Makar Bilang Bos,8/8/2020 7:47,playstore
6b5f4f0e-cd28-4659-b250-9a6ff3cc08fd,PERMAINAN YG BAGUS.,3/6/2022 12:36,playstore
000b53b4-5c8a-4403-9623-1c4c8e78a04e,ANJ KURANG BANTENG,7/27/2021 6:46,playstore
fc4af48c-8bc4-41aa-b239-11d931c40d0e,Coba dulu ah,4/4/2021 6:53,playstore
d2b61bbb-db08-442c-98a4-c78b6422c3df,ASDOGPIRLOH ADA AHOK KAFIR LAKNATULLAH,5/25/2021 3:18,playstore
723348f2-cd37-4f98-8251-9798154d19f4,Jir ada Jokowi,11/5/2022 6:47,playstore
bf37d49f-1fb6-43fc-815f-ac049c7cd7d4,MUKAnya loh:v,6/24/2021 16:59,playstore
12889ccd-5e21-4bcb-bafa-b4b6ff2b5865,AHOK KURANG DAMAGE,6/2/2020 7:55,playstore
57d269f1-a7a1-4a1a-9146-07a54fcbb36b,Gif Alok presiden,7/18/2022 0:20,playstore
35158171-6147-4fc3-8198-9d10ef1a438a,Bakso bakso :v,4/24/2021 11:39,playstore
a7a56bda-0636-48ad-98ee-a294b2c1fe11,Jokowi downoad ngga bang:v,8/3/2021 16:20,playstore
ea157b67-6b5b-4332-b9cd-62f14bba836f,Tidak tahu mau bilang apa,6/20/2021 2:29,playstore
8394c4a4-f1da-43bb-863c-713e723f5fe9,Jiwaku membanteng🗿🗿🗿,7/30/2021 0:08,playstore
f0d1b41b-2cd8-4256-8d66-6235169fe1a8,Otw Ketangkep😂,7/29/2021 10:46,playstore
e88b955d-3603-4958-9c1f-94f97f141914,Lah ko ada bakso,8/11/2024 5:24,playstore
420e8092-5ec6-45d1-9524-5c71894b1cdf,Baru pertama kali,4/15/2022 9:46,playstore
f572ed9e-327e-4aa6-b659-037d4173ae52,gw jadi ngeri astaga,8/17/2020 12:21,playstore
0cc7d9ce-d325-460c-9bc9-fa2dc5baf663,Mainya hebat,12/30/2021 2:53,playstore
4d0a6ef3-059f-4228-9849-b61c4de2d256,Woy mari kita bantai 🤘🤘🤘🤘,6/26/2021 12:00,playstore
6d3da7f5-056d-453c-b3d7-9c8fb4a43781,JOKOWI 3 PERIODE BISMILLAH PNS,1/17/2022 3:18,playstore
5d1df129-2f97-4b2b-9040-54026d1bfc78,banyak bug,5/25/2026 7:47,playstore
7b44d06c-336d-4048-94fc-8693de35d4a8,dipaksa rate,12/25/2025 23:35,playstore
82a9a7ed-cbdc-4d52-8e6a-c2ea8a0d48f5,mantap,4/7/2026 3:39,playstore
b00fa8a8-7720-4c0e-b4df-3b7eec681e1f,woww keren,8/18/2026 5:50,playstore
dd03eede-686e-4753-9f05-5e66204c58ea,mantap banget,4/7/2026 10:04,playstore
96dd5d05-b7cc-409b-a238-5f3da16bc27f,gacor Jokowi,7/14/2026 0:39,playstore
740ef76f-b50c-4185-88ca-3e630e87a945,ssngat seru,4/18/2026 3:01,playstore
e9dd9781-910c-46f4-8e7f-e4ffa7ba19fc,gime ny jwlek ad bokep nta,10/5/2025 6:47,playstore
4d7c9f14-ecd8-410a-a5c8-c88be0070f52,hidup Jokowi🗣️,8/6/2025 10:27,playstore
4dfd09da-8784-416f-a05f-bd69d04edcfd,HIDUP JOKOWI,9/7/2025 9:27,playstore
b056c86a-483c-4046-820c-ed3242274b33,🤣🤣🤣🤣🤣🤣🤣🤣🤣🤣,9/30/2025 19:25,playstore
b897589b-5ed6-4602-9a6d-92ca5e1cc5d2,better than Upin Ipin game🤣🤣,7/26/2025 9:57,playstore
b7719db4-4830-4c26-8471-fcbb4ff9f3ab,master piece,7/27/2025 12:58,playstore
09e139e3-82c3-4c47-ba64-571c84470def,sangat bagus,7/23/2025 10:55,playstore
5dc1c8bc-dd51-4afb-b5ae-f26310b54c04,sangat reqomendet,7/24/2025 16:32,playstore
1429fa2f-b77c-404f-b925-b066f750a8a1,wong tuek nggo dolanan🤣🤣🤣,7/21/2025 1:57,playstore
ae6d907f-352b-4ee4-b279-bc5be5834f12,GAME OF THE YEAR YANSUNKAKIBIEB MY GOAT,7/20/2025 13:01,playstore
f1b5e97f-d22d-4068-ae22-70d6a16aa63d,SERUU SERUU ☠️,7/19/2025 12:38,playstore
963d7775-d5df-4a76-8bc9-3aec5e497434,bagus,7/20/2025 14:58,playstore
470b07c6-3e1f-449a-8131-fdb9add0028f,"Saya bangga menjadi rakyat Indonesia 🇮🇩 semoga negara Republik Indonesia dari Sabang sampai Merauke selalu dalam lindungan Allah SWT Aamiin yaa Allah Aamiin 🤲🤲,🤩😍❤️👍",5/27/2024 10:34,playstore
d193efc0-73dc-414f-a117-67c1de2f48b0,"GAMENYA SANGAT MENGGAMBARKAN KEBUDAYAAN INDONESIA, DIMANA TANGAN DICIPTAKAN UNTUK PUKUL PUKULAN. DEVELEPOR TERBAIK",8/19/2024 12:52,playstore
4bb03c08-3c4e-4c8c-ab12-c4ece3382e56,keren gamenya....tambah lg karakter keluarganya mulyono,7/6/2025 12:23,playstore
7ccbf483-5fbc-4d89-a546-465fd35c9500,Game burik anj 😡😡😡😡😡🤬🤬🤬,10/31/2024 5:54,playstore
411da159-8c0d-4c91-8d4d-36df8a5191a1,The basurd game ini sih🗿,9/9/2024 13:56,playstore
c5994d55-bfe2-4153-8f4b-04bf53135a5f,hidup jokowiii!!!!!,7/13/2025 8:27,playstore
2b9e675c-ea28-4ed7-a862-9aa038b078ca,Aku mau seprei gratis 😭😭😭😭😭😭😭,8/1/2024 11:07,playstore
d8629a89-471a-438b-8839-3434bf2e8288,Anjirr lahh😆,9/7/2024 3:39,playstore
baa920f2-dc03-42b0-b357-3ce0556fa211,Developer dungu,9/8/2024 7:44,playstore
610a3853-f78d-4505-9911-de114f4108ec,oke gas oke gas,5/30/2025 4:51,playstore
4d5f334b-0c7b-4b4c-a3a3-1e91374ebc2d,gg walau gajelas,6/24/2025 17:29,playstore
bc5b6405-127c-4248-97e0-ca83e6e67f2c,hama,7/3/2025 4:23,playstore
466b2f70-2c76-45ca-ae84-3a75f1b93a6c,kerenn,7/5/2025 15:34,playstore
3cdac91d-4945-42bf-bee3-dbe66b805f8e,bagus,7/2/2025 3:22,playstore
cad9bf7e-a591-427a-ac57-715dda00165e,mantap,7/3/2025 12:50,playstore
bb1b5501-2071-4572-977a-3d13e4053f7e,Bagus,11/17/2024 2:27,playstore
f2f1e4b1-c30b-42c0-86b9-690a5dc392a0,incredible,6/23/2025 16:38,playstore
b5e27b88-51ce-42fa-ba5a-98df8bbd13d7,titik,9/17/2024 11:18,playstore
f6af7f08-0a57-42c1-911a-9826912014dc,Mat ngarit,5/19/2024 13:02,playstore
e9b58617-4199-4568-8a66-522bf8596cb0,Sagat asik,3/18/2025 1:14,playstore
91940113-4af7-494f-bc1d-54da41cf6ff1,🤣🤣🤣,5/1/2024 10:17,playstore
fb9c218a-e3c5-4bb0-811e-4f46af2d2d11,"Weh ngawwuoor Iki game, sopo Ki seng nggawe 😂🤣🤣",3/20/2023 9:28,playstore
4b3fa7ee-6769-4b8b-bb70-08948cc02cef,Gim gajelas😠😠👊👊👊👊👊👊😅😅🤗🤗🤗🤗❤️❤️🥰😀😘😘😀😘😘🗿🗿🗿,4/26/2022 11:40,playstore
637234f9-b874-4437-8e6e-f82185095e7a,"it's really easy, yeah, yeah, people use WiFi, that's why it's easy awoawok",3/1/2022 7:34,playstore
e29aafaf-cf44-4cd0-aad9-4753c3284563,game gk jelas njeng,8/8/2022 15:53,playstore
bd8fb5b0-3074-4750-8072-71b9c55d6887,Petualangan ngab owiii😱😱😱😅☝️,2/7/2022 9:33,playstore
fd2c271c-14f4-420b-bc3a-cb6d9b2041c2,SaNgT mEnATanG BAnGeT😘😎😱😱,7/31/2022 4:24,playstore
644569d9-8420-46e6-a757-8a3402bb4a47,bukan ngab owi,11/8/2022 8:18,playstore
179b9e73-371e-43a0-923a-1bfe99a22d51,Tambahin megawati Chan banh🗿,12/30/2021 1:17,playstore
53cc1856-17a4-42fd-8df5-a1a4cda2a6bf,Game ini sangat marvelous #jarjit,4/23/2022 4:03,playstore
c097ea0c-c306-4651-974d-0f96d582e83f,"Mantap, nice Jokowi",2/13/2022 0:59,playstore
6e9a76a4-13ea-444a-bba7-58206312adba,Bagus gamen nya!!!!!!!¡!!!!!!!!!!?!!?!?!!!?!?;¡!?!¡!??!?!?!???!!!!!!!!,4/26/2022 10:56,playstore
3b147895-a139-481b-943e-6a6353b57ad4,Mattaaaaabbbb,11/12/2021 2:33,playstore
932c6af0-b2d1-4a0c-a515-f67e55bc5d31,Worti,4/9/2023 6:46,playstore
98a8eeb9-0058-4ba6-bff1-f4e7aa5f47e1,Anjasss ngab owiii cuyyy,2/9/2023 15:00,playstore
5f8806ab-7cef-44a7-9bea-59b968f492e9,Grafiknya bisa di hd in kak,1/2/2022 16:38,playstore
083d2be3-e974-4536-8b5c-627787418f7c,GAMEEE NYAA SERUUU SKKSKSKSKS,12/22/2022 16:15,playstore
db7ee525-a78b-4227-8c01-523b3b2070eb,Ezzz bet,2/12/2023 2:16,playstore
e3683abb-dbd8-4281-bbad-982331ff5c95,Lumayan,7/31/2022 10:38,playstore
3629f7d6-fbfd-4c6e-a877-1e2c0f982bdd,GG Jokowi🗿,8/7/2022 9:27,playstore
0abe9086-f69b-4fa8-b5af-87e2342e7af1,Soo baksooo!!,7/31/2022 11:05,playstore
8472d380-7ddd-4b5d-8cb7-22becc2442ab,🅝🅘🅒🅔 game,3/26/2022 9:00,playstore
26bc57e6-6119-4dcb-8f68-8b4318f4eacc,Beraninya kroyokan.,4/22/2022 13:50,playstore
cccc5496-49b9-4429-8c65-d6eab92c5362,Sampah game nya seru banger!!!!!!!!!!! !!!!!!!!!!!!!!,5/7/2022 3:43,playstore
d550ecb5-e4f1-4d4b-bec8-d48e1a91d55a,Susah min,4/27/2022 13:46,playstore
d28ba6fc-e73e-442e-b6d2-efaa62e83b80,KAGA DANTA,8/1/2022 11:09,playstore
438931af-370f-4991-b8aa-49ee1db30acd,YAMETE KUDASAI,4/27/2022 15:05,playstore
912c24e3-f0a4-46a7-82c3-220a7cf4ca4f,gem jembud,2/24/2022 13:24,playstore
8109bbaf-7443-4bec-a796-cb5a0b10cd5e,Gim rasis,4/25/2022 7:24,playstore
2de130b4-d4fc-4617-a3ac-9990aa0bd572,JOKOWI BIZZARE ADVENTURE,4/25/2022 12:33,playstore
b6674a08-ca25-42f1-ae3c-af4c86e6aa46,Gg gemink cuy,3/5/2022 14:42,playstore
3239ace2-ec8d-4739-af89-cb0c3f2ed754,Best game in the world,5/12/2022 3:22,playstore
0de10618-733d-4536-9dc6-a14cdb8de745,GG gaming gesss,9/26/2022 2:06,playstore
3e71fcd9-ecd9-4f8a-97be-55e26ba3e2d3,SO BAKSO....,4/25/2022 5:28,playstore
ff31cdd7-024d-4d1d-9d3c-cace4a4a7dfe,Gajelas,12/30/2022 6:53,playstore
96bd870c-c8ca-429e-915a-d2da99535c7e,Kucluk,5/21/2022 18:25,playstore
bbdfdcf7-326f-41e6-868b-11ff9774f271,Rio ? 🗿,12/31/2021 7:32,playstore
c2543c65-76a5-4f6a-98a0-0118b458798c,Tolol,5/10/2022 2:02,playstore
cf4e9e39-7896-46a5-9ea5-c16720db2c73,Jelek,8/19/2022 4:15,playstore
edf2edbd-1de5-4e23-a1fa-4da2e9658431,Gabut,5/31/2022 18:28,playstore
d4cfbd45-f9e6-481c-9f09-1ead5c8330f3,Bagus,12/27/2021 13:42,playstore
35a94711-5103-43ed-bfad-222bac92a7e9,Mantap,11/15/2021 12:04,playstore
e9db7038-7b66-4e31-8051-530511648370,Mantap,6/25/2022 12:52,playstore
3048b22c-e250-4248-8baf-93dec4081c96,Keren,3/30/2023 1:20,playstore
85d11666-fb62-4cc6-9bb5-09ac4719825c,Keren,5/12/2022 9:49,playstore
1210280c-33a5-472c-970f-f5614aee8c9c,good,1/14/2023 6:15,playstore
f60a9df1-0f00-45f9-9f09-9d8a39b24048,Good,3/9/2022 8:57,playstore
44ebe947-4340-422b-a63e-ca8d21259386,Bagus,2/25/2022 17:05,playstore
de2b7557-6352-41ed-bd2d-d85addd15673,Ok,12/20/2022 19:53,playstore
cba70470-9e18-466b-8809-b512ed0bfe2c,Mantapp,8/1/2022 3:23,playstore
b2f3d6c4-1ff0-430e-9175-9797ea641c06,keren,3/30/2022 13:11,playstore
76a0e5bc-08d9-4fa9-823e-2c97477133a8,Good,8/2/2022 6:13,playstore
42166479-bd99-412f-82c5-a8ba90b4cec6,keren,2/24/2022 11:36,playstore
47e0c667-7a03-443c-a4cd-3a6d8cf6c220,Bagus,6/26/2022 7:17,playstore
7d3d185d-31d2-4d82-810f-3379990ecb81,Keren,4/22/2022 11:50,playstore
78162b72-c046-4c54-9758-faa1e0324968,Iya,8/10/2022 2:03,playstore
d99cdaa2-8174-4bf9-bdc2-e5b81f46c053,Keren,1/19/2022 8:09,playstore
ec0d262d-20c0-4bbe-b7a1-fef887b2388c,Bagus,8/18/2022 17:53,playstore
300ecd0a-2fa7-48eb-9512-9b1408c596ac,Aku takutttt,4/16/2023 7:00,playstore
a6bdcb6e-49c0-4824-898b-3111af02b49a,kon***,8/31/2022 3:40,playstore
b9683f84-650e-4e51-8c1f-c3b68275345f,Game krinj,2/24/2022 12:58,playstore
61a6a853-cc4b-4116-9864-f6cce9916fdc,Bagus banget,2/12/2023 7:35,playstore
57802052-16bf-43a3-b451-97e10080eee6,Mantap banget,5/18/2022 4:37,playstore
4958b097-7a85-4f26-bdfc-70a30ae868a1,Mantep kabe,4/22/2022 12:32,playstore
e1be2a79-4066-4238-8f40-fa3b32e48fc4,Sangat bagus,2/17/2022 8:06,playstore
d7a618fa-0213-408a-9a70-cea0a10d151e,Gege gaming,6/25/2022 9:56,playstore
b3ff8e22-dd7d-4439-9dec-cc7791176338,Game bagus,4/2/2022 13:32,playstore
ec8c5ee4-a195-48d2-a600-7b51945ffe82,Seru banget,3/16/2022 8:35,playstore
d642e025-ba04-4302-8dc8-25112db0cd35,Matap tod,2/18/2022 11:16,playstore
fbbf1cdb-5f2c-48ff-ae5c-b92408689085,Jokowi Salto,8/28/2022 6:10,playstore
a54c55d1-46a2-45fa-921e-bcf340109b94,Sangat seru,6/23/2022 9:45,playstore
bbcd6a17-5525-41ae-a536-3da8f9639fa6,Mantap ajg,8/10/2022 1:27,playstore
8287b26f-4efe-430d-bcbc-bc9e9bba20e0,Wow bagus,4/23/2022 3:51,playstore
5084c91e-d011-4dd3-9a0e-07af886e6164,Gg cuy,4/29/2022 5:00,playstore
d8119e9d-41f4-42da-82cb-216dddf32b29,😍,3/10/2022 5:53,playstore
f89d6c99-d2bf-48dd-a3f8-716b5000e51e,👍👍👍,4/23/2022 10:20,playstore
94246fb1-d54b-4a93-bca5-df99550c466b,👍👍👍👍👍,9/18/2022 6:11,playstore
07a3c6e3-97e9-460b-9749-54e903c576ae,🗿,2/15/2022 10:55,playstore
f6044514-7a66-4c53-88ea-ae581422c9a4,🗿,2/17/2022 22:05,playstore
0863488b-e1f2-441e-985d-e446022e130e,🥵,12/30/2021 10:40,playstore
1f38cb1b-0047-42df-905d-54ad1fd45f90,Saran tambahin karakter pak Amin sama Bu Megawati dah itu aja dan atu lagi pak Ganjar Pranowo hehe kalo banyak kan lebih seru dan lev nya di tambahin salam dari pemain mu 👌,10/26/2021 13:58,playstore
b7175546-e5aa-46e2-a597-5568c8b32eaf,Gk seru .,11/6/2021 12:15,playstore
ed7e3af8-ea41-4211-9b90-a16e52798c8f,Gerrr,10/8/2021 16:46,playstore
7ad1a736-6795-429f-83c3-6a3acc7ad772,bad game,9/26/2021 15:46,playstore
241eddf5-fa1c-4731-8619-fb1923357637,Yayayayyay seru seru banng,10/28/2021 13:22,playstore
e0518eeb-3388-47ac-8a04-b370b4cf42ec,Bakso bakso,9/11/2021 0:49,playstore
0f6c2ec6-d519-41f8-b563-9e1dfd2153ca,bgus,10/13/2021 0:09,playstore
a8b804c3-0dfb-4e78-b270-d2561e32013c,Keren,10/8/2021 12:35,playstore
1a32c374-ac6b-429a-804d-e7ca83416d98,Mantap,10/6/2021 15:27,playstore
20493f48-5c58-436d-8bdd-6746fe5aefd0,ANU,10/29/2021 14:05,playstore
a9db3d27-89cd-444e-a152-49138f49d2af,Keren😏,10/3/2021 3:43,playstore
a5e9ac40-307b-4012-a157-0d7eca6c63ff,Tokk tokk baksoo,10/12/2021 12:39,playstore
72441e81-2545-4a82-a2c2-27d6f4418251,Indo aw,11/1/2021 5:57,playstore
b997b4d6-6a3e-40ef-944c-25a6749c8571,😱😱😱,10/24/2021 9:23,playstore
5e40beca-be18-446e-8b95-ba1f68f4e5eb,Pasti seru ni,8/27/2021 15:10,playstore
f679857b-f363-4220-9754-6fa93548e500,Mantap kocaak,8/26/2021 19:30,playstore
53d92dba-9d85-4842-89d7-3cc6d4cad25a,Hoetankk,8/8/2021 4:46,playstore
776363e3-8b07-4f01-9532-48d1e8d80d7b,Mantap,8/4/2021 14:49,playstore
6b0fc7e5-7875-46c7-8e99-1678e41a1059,Jokowi the best,8/7/2021 3:11,playstore
32081344-3bb7-4b0c-8935-162e662fc537,Baksoo baksoo😃,8/4/2021 14:10,playstore
694e8976-3c34-4bd7-9fbc-264f93ba7201,"thank you for the game boss, the hero character is cool. but it's a shame why prabowo is involved in the unlock option. makes the plot less exciting.but,..everything is cool 👍👍👍👍👍 the work of the nation's children. The next lvl will be later. and please there are still bugs in the analogue. also skills in jokow.i",7/23/2021 17:54,playstore
0d343bf8-a4aa-4bf3-9dbf-28693c4fcfc9,Yo Ndak Tau Kok Tanya Saya ██╗░░░██╗ ╚██╗░██╔╝ ░╚████╔╝░ ░░╚██╔╝░░ ░░░██║░░░ ░░░╚═╝░░░ ███╗░░██╗ ████╗░██║ ██╔██╗██║ ██║╚████║ ██║░╚███║ ╚═╝░░╚══╝ ████████╗ ╚══██╔══╝ ░░░██║░░░ ░░░██║░░░ ░░░██║░░░ ░░░╚═╝░░░ ██╗░░██╗ ██║░██╔╝ █████═╝░ ██╔═██╗░ ██║░╚██╗ ╚═╝░░╚═╝ ████████╗ ╚══██╔══╝ ░░░██║░░░ ░░░██║░░░ ░░░██║░░░ ░░░╚═╝░░░ ░██████╗ ██╔════╝ ╚█████╗░ ░╚═══██╗ ██████╔╝ ╚═════╝░,7/12/2021 11:58,playstore
9c1335cf-a844-4cb0-982a-e9b548e15299,Susahh,7/14/2021 13:47,playstore
e0e3866f-5a88-4a41-af03-3e094291a340,"Baguuuss, asik",7/22/2021 10:15,playstore
1cfeb78d-c0f4-4f29-971d-a29922ac95d3,Pakde,7/16/2021 20:11,playstore
d26af801-3a46-44bf-9a62-960596b2da4b,Bagus,7/12/2021 12:09,playstore
b24895bc-ed6f-47d9-a26d-288d6364e3b5,Meng keren,7/18/2021 17:09,playstore
08a11bbd-1ac8-4ed0-9235-047ef524a904,game mantap,7/30/2021 11:26,playstore
ffcb3a79-a07d-4b54-8bd5-39e83edda005,Leh uga,7/8/2021 11:16,playstore
cf66422a-5d2e-4f78-a5ac-e17562811e77,Game ny mantap,7/5/2021 10:53,playstore
01d279cb-d05e-4eee-a236-88876d2adfec,Mampus,7/4/2021 8:53,playstore
797f176b-8103-4c29-a764-98d3c0273f1b,Ok,7/13/2021 6:05,playstore
d73be629-b7be-4f27-914b-a548cde0a133,So baksoo,7/4/2021 12:15,playstore
324e9af8-9619-44c9-8734-94b323074096,SAMPREKOM MAMANG ENG TODTOD TOD TOD TOD TOD TODENG ENG TODTOD TOD TOD TOD EEEEE,6/28/2021 13:02,playstore
7dbbd3ad-5d6a-4799-9362-6d1fdc591be4,mantap juga,6/27/2021 4:01,playstore
0755c168-eb3d-47e3-ad29-6764b86e5568,🗿👍🏻,6/28/2021 18:13,playstore
6026ff1c-dac3-44b0-81dd-6514626c9ff5,"Bagus,Btw Didepan rumah gw kok ada tukang bakso ya?Padahal disini sepi.Entahla",6/19/2021 13:17,playstore
5e4a8c09-b0ab-4158-9d37-43c295402eb5,Harusnya nama gamenya POLITICS FIGHTER..🤣🤣,12/27/2020 13:20,playstore
c3ec24c2-3b64-4dc1-bfaf-690a8b813149,Mantap Pak Jokowi tendanganya kaya si chou King of muaytai,1/4/2021 11:01,playstore
60ecc2c3-2957-453b-8df6-337a24fccfde,Let's play this game👉😁👈,4/29/2021 12:33,playstore
e3a10aa7-5301-44bd-8fc7-7e70df9a651e,👎💩👎sucks..,1/31/2021 2:07,playstore
0abd39d2-5897-4531-90ad-cf4ae7773d1a,Game burikkkk!!!!!!!!!!!! Tp bohong yhahaha hayukk pale pale pale leleee,12/14/2020 23:41,playstore
87824683-de61-478e-b6f4-12ac948f6ed3,In game:BANGS*T KAU,8/21/2020 2:52,playstore
d0090274-fcb9-49ea-bc26-ea99e28b3f5a,Subscribe Yhoz Suryosho Channel y :v,2/10/2021 22:31,playstore
78356cf2-a650-46fa-981e-ea466bc63fbf,K o h H o e t a n g K o h .,4/28/2021 21:05,playstore
9f77ad47-5198-4323-a80b-e66ef3ecc67f,Seruu!!!!!!!!!!!!!!!!!!!!!!!!!!!!,4/30/2021 4:31,playstore
8fe361b6-d2b2-40ff-836a-688000331b81,This is make a car ??? 😂,8/29/2020 5:23,playstore
43517773-fb04-4397-86a5-5faa797ff846,Awas ilang bre :),5/2/2021 6:52,playstore
52342bf8-85b2-4f02-80e6-9eaf5709f0e4,Sound Effectnya Gokil Akwkwk,6/16/2021 4:34,playstore
167481cf-91c4-4c78-855b-23e1c60b42d0,SO BAKSO,6/21/2021 10:05,playstore
f874f678-0130-4801-96e8-8e7081997a7a,Mantaf,2/28/2021 14:07,playstore
8afc6874-4ae7-4ed4-9b11-27cc2a0e4396,Soo baksoo~,6/21/2021 3:19,playstore
f51108e6-77f0-48f9-9475-4a93619332d8,Ngeri 🥵🥶,6/20/2021 4:46,playstore
be5a1a04-6266-4402-a2c3-7d9f27322f5f,"Keren bgt!!!!!,",12/6/2020 12:22,playstore
ac378632-6e1a-48fc-952d-9ef6ed42e779,Game rusaaaaak,4/26/2021 6:46,playstore
98e9086f-7d98-4881-9824-105adf868b3d,Sangat jelek,2/2/2021 1:36,playstore
dc9088ba-4a06-4ef7-b199-9c4a762a40fe,"Hahahaha , mantap",1/27/2021 16:11,playstore
c7bc65b3-241e-49cb-97f7-0cb24c167b14,Ini seperti game asu,2/16/2021 11:40,playstore
a5718fd2-fa1b-4fac-9dfd-66093c8c39f9,sex 👍🏼,9/25/2020 15:20,playstore
45af6583-9c00-48fc-934e-759206426898,Burik,6/1/2021 2:50,playstore
6fc373ab-da01-44f9-953e-7ecce8ad5e39,Busuk,6/10/2021 3:05,playstore
b1359415-370d-4f93-bd23-30da1b5f1047,JELEK,5/1/2021 16:20,playstore
c5a88fe8-2f0e-4c7a-8a3b-51f65a7d73a9,Buriq,6/19/2021 5:32,playstore
8c878c04-8441-40f3-8b99-940d71027008,Papapalepapalae,12/13/2020 21:47,playstore
bdbeec81-baa4-46f6-97d9-28fc93f50e64,So bakso .......Ting .Ting...Ting...,6/21/2021 2:16,playstore
1a8e8423-b719-4c7c-a763-0cc9bdcb33f4,Lumayan,3/25/2021 15:39,playstore
2cee487c-7082-49b1-8fff-3328119b3b29,bakso Bakso,4/24/2021 16:39,playstore
5c73f236-4602-4b12-952e-c825d8ad8d51,Mantap,4/30/2021 15:25,playstore
cdbaa854-da5f-4ea1-ab47-5240f7fca113,Mantap,6/23/2021 4:47,playstore
13ab6fe3-0564-4143-a60e-3a010a12d395,Mantap,5/29/2021 10:38,playstore
c02d69fe-4706-4953-9bc6-4468bedba504,baguss,5/7/2021 12:26,playstore
a6f145ff-583e-4b4f-a8c4-30f01d7ff94a,Ngeri,6/20/2021 5:04,playstore
0af46c79-e2f0-46a6-8540-66df9023151f,Good,8/29/2020 2:02,playstore
3812d35a-85dc-4df3-b596-0b8cdc01ba2f,Seru,6/25/2021 13:18,playstore
2f625d1e-4541-4c25-acd7-66868c4a96f3,Bagus,4/30/2021 10:37,playstore
2ce0963d-cd35-42b1-9ab6-979eb0c9008c,Bagus,4/7/2021 15:40,playstore
917ef79d-5dbe-442c-8e59-92a8262eb800,Josjis,2/27/2021 5:37,playstore
8460e928-ff65-46f2-a549-1578707a7015,😂kerreeen,5/20/2021 2:16,playstore
2cf917cc-9aaf-4b42-bc73-9b1f9b1d9918,kreatif.,5/22/2021 4:52,playstore
c75eadaf-d9b1-4651-9f7e-415dd0b0d012,😏👌,6/4/2021 12:07,playstore
e221a34d-5315-4109-819f-24aa8c6869d8,NGETEH AASSSSUUUUUUUUUUUUUUUUU,6/25/2021 8:00,playstore
5ea765f4-5897-4d5c-a7dc-d81be608c993,🗿🗿💯,6/23/2021 13:28,playstore
7c68772e-41b5-4313-a769-8ceb9eaa0a43,salam indonesia,6/6/2021 1:23,playstore
2ea6eb78-4348-4878-9601-0a3336e19fd1,sangat menggokil,2/16/2021 13:53,playstore
154b0049-52f3-4274-9a7a-a4c1e2397e25,Bagus poll,6/22/2021 15:09,playstore
fec851ec-27c0-4d55-99a8-81e29c280d41,Saya sukak,9/15/2020 15:30,playstore
2aaca296-2b3e-41aa-8afa-c759803b6b6f,Penghutang sejati,5/22/2021 1:41,playstore
6ab30a3e-7e95-4651-b089-70a78e27a4fd,So bakso,6/23/2021 6:20,playstore
f8289c89-3da9-4a85-a0e4-8848afc4c9fc,Seru euy,6/20/2021 3:41,playstore
32453695-6dfc-4443-a558-f9b8c472e8f9,Mainnya Hebat (Good game),8/10/2020 12:40,playstore
95dd3a5f-3a0d-47c7-b3ce-1fc54e15d3de,Makar boss?!,3/23/2020 22:49,playstore
3725a0cf-ce61-4394-88a0-07460f440a50,Gaada akhlak,8/10/2020 2:35,playstore
2e15a5c6-f940-45f1-9b63-b098caeffe18,Bangsat kau :v. 🤣🤣🤣🤣🤣🤣🤣🤣,8/7/2020 15:00,playstore
adc2e8c5-bf02-4f14-828e-919170ffe7da,Gak seru,8/14/2020 2:42,playstore
1880a0f7-ee25-4251-a086-0be1333db821,Saya suka,8/13/2020 5:10,playstore
6fe5cfeb-bd98-4254-a6df-730d13a07371,grace saha anyinggg,8/8/2020 3:04,playstore
a03d8387-1a05-471d-b086-b4d317acb0a7,Sulit,8/9/2020 8:34,playstore
4dde3b93-a947-4ecc-8178-f1127588fdd6,Mantap,1/27/2020 9:48,playstore
ad506f85-bd87-4d16-be2f-e340fa82a4c0,Nice,8/9/2020 23:41,playstore
817700cd-3f02-46f0-9286-740c838db27a,Bangsad kau,7/26/2020 3:46,playstore
4f62113b-a445-4a10-8569-d4a976a64ae9,Kepni k,8/23/2020 7:03,playstore
858871ae-e56c-4b5f-bcf6-c2441e471fb2,mantap,1/9/2020 23:02,playstore
1aa7268f-2a81-46d2-8d4f-59a925741634,Kurang,1/6/2020 8:34,playstore
b75dd54a-94be-4438-be9d-efa43331f332,"Tambahin fitur plonga plongo, terus tambah karakter habib Rizieq 👍",1/4/2020 17:40,playstore
90e48836-4ce4-4042-8c61-3f2eb1b71a9b,Tambahin fitur utang ke cina sama plonga plongo🙏🙏🙏👍,1/3/2020 11:35,playstore
52b8e99a-713c-4e3a-864a-54821be5dd3d,Mayan,1/14/2020 23:21,playstore
2437dc9a-a626-4713-8e89-6a4048701955,Makar gak nie?,1/9/2020 15:11,playstore
174089e8-e8e3-421e-afda-cc2c51facb9f,Make a car bruh,1/8/2020 16:21,playstore
e8797743-14d6-448f-a620-2c28939590bf,Mantap,1/4/2020 16:24,playstore
1a469157-63bb-4a03-b48d-0222a50ec5ef,Mantap,1/3/2020 12:22,playstore
2b96013f-76aa-4d1e-8ccf-1dbfd72ff871,Keren,11/6/2019 4:20,playstore
81a1d29c-0064-4dcd-a9aa-442e3f5d0431,Game anti makar,1/3/2020 13:05,playstore
b6f7c144-ba9e-4d7b-bb40-9ec21b549da7,Anjay 😮,1/4/2020 6:33,playstore
bff73f0f-4e3a-44af-9bf0-465178ee16bc,Seru bingitzzz,1/4/2020 11:18,playstore
fce9f613-0c8d-47cb-82e8-2042d4de1473,😮,1/4/2020 7:13,playstore
69a88d7c-e8ef-441f-badf-5994c23db2be,Game gimick,5/8/2023 2:39,playstore
de4e75fe-db60-4ba0-995f-4833d4e05fa3,Keren,12/16/2018 6:10,playstore
b0f31be2-826e-4c33-b6a6-1e2ea1ece169,Sy ksi bintang tiga kn ak bruh downlod gem y nnti klauh bags ak tambahin,8/26/2021 1:41,playstore
bb878899-230b-4346-8856-abd4222b9298,Kasih Bintang 3 dulu yaa😁😉 Baru Download soalNya👍👌,5/23/2021 15:49,playstore
7199849e-5611-41ad-a1cd-45765cb96720,"AKU REZA UMURKU 8 TAHUN. GAME NYA BAGUSS AKU SUKA PEMBERANTASAN KORUPSI, MAKAN UANG RAKYAT, PPKM CUMA BISA NYIKSA RAKYAT JELATA HAHAHAHA AKU INGIN AKHIRI PENDERITAAN INI!!!!!!",7/16/2021 1:36,playstore
e5577314-93b6-4550-a452-03ae82964c03,Ini game sangar cuyyy kok ada back sound Anj*ng dada gw sakit Bapak lo kelahi sama bapak gw Bangsa(t) kau Sumpah ini game yg bocil maen patut pake headsed coyyy,6/12/2021 13:07,playstore
5218a4e3-5af7-4318-bec0-c48acd1f7133,"Pertama kali saya download ml cuutttttt itu buriknya bahkan buriknya melebihi ff, dan setelah syaa pindah ke game ini ga ada lagi tuh yang namanya burik². Dan ibu sy pun bilang tod Jan lama² mainnya Mak juga mau main",7/28/2021 2:48,playstore
51ada9ea-d91e-4d7f-9084-5dbcd12bf8f7,Game kok kaya anjing banget lama loding nya tauuuu Goblok😎😎😎,8/9/2020 5:28,playstore
bb15165d-ef39-4604-9589-3f19d2d4685d,Game nya bagus buat devoloper tambahin edit karakter mks,6/12/2021 12:12,playstore
e0a4c09e-7dba-4a54-b393-d9d6e1d93f4b,"Gamenya grafiknya gilaaa keren bagus banget saran masukan mohon tambahkan fitur pengaturan bisa jeda (pause) gitu terus bisa restart checkpoint, restart atau bisa ngulang lagi levelnya kalo kalah atau mau main level yang tadi,menu quit (keluar), pengaturan audio dan suara sfx musik baik dalam in game maupun out game (menu awal game) terus menu awal bisa pilih level dan character, kalo bisa juga tambahin karakter baru dan untuk UI nya dikembangkan lebih keren desainnya oke thnx U",8/6/2021 18:12,playstore
2c90fbb0-dd88-4da0-9413-34e82f849f3b,Gem nya bagus kata org djjcnsjx Bjcmmc jcj,10/17/2021 3:54,playstore
5e863d8d-3034-4519-9b5a-8bc047924b45,?¿¿¿‽±‡♦♣Ωμ§§®©✓™™™™,10/28/2021 4:35,playstore
329fe131-706e-4a28-b658-6ee4af191567,Coba kalo jokowi itu mati bagus kan,2/26/2022 17:19,playstore
6998e810-5211-4433-b788-baa6d1b23d22,Kasih bintang dua dlu aja. Klo bgus aku kasih 4 bintang,8/5/2021 15:14,playstore
e9027d8b-e57b-4712-a852-e6f008340fec,Game nya the best. Salut sama game lokal,7/5/2023 7:43,playstore
292b8189-d85e-4b6d-99be-c202092587e8,Siip tinggal tambahin karakter baru kayak Abu Janda sama Dewi Tanjung,1/15/2020 8:23,playstore
78033a33-0558-419a-9504-3266d9f75709,Ko ga bisa di install si,7/23/2022 0:34,playstore
ac89b9b8-9908-4a5e-a8bd-bbfb88f4a06b,"Kwren banhey banh, ditynghu uodate nya 😅☝",4/23/2022 4:34,playstore
f9e6f456-dd32-4740-91f3-8990de89cd85,Is this make a car ? Halo Banser,1/6/2020 9:36,playstore
de42fe09-8d31-4b14-a7dd-4385764097d0,Anak anjing kau hina2 jokowi,8/8/2020 7:42,playstore
e83a3e2a-2c72-40f4-87a6-7805d3dd4a8e,Planga-plongo kgk jelas.YNTKS,8/4/2021 13:31,playstore
a27144a6-65bc-41c9-a5fd-b1d6da57a7df,Lah kok bukannya dapet point malah dapet hoetank,6/1/2021 16:35,playstore
c504797f-a3dc-44a8-b295-403038c402b6,"Gamenya Ngawurr poll, mantapp 😁 lain kli bikin yg lebih ngawur Dev👍 AHoK njir😹😹",9/8/2024 11:47,playstore
27e8703d-f413-42e2-98ee-39741ea96fe9,Susah kak😅😇,10/17/2020 20:15,playstore
a897f4b9-fa20-4f4b-a1ba-86a58d168c35,Pe make car maenya ini,6/21/2021 8:11,playstore
d32ad8b6-e796-4c17-b934-3856ff577b1e,Gm faujan ban fadil,11/25/2021 23:16,playstore
b046b5fb-17b6-48a7-8951-78eef4030a3f,Ga ada sus harto ga seru!!!,12/30/2021 7:18,playstore
9509567c-4d52-4d88-a79d-8eaefe558216,Game ko kadrun...gaje anj,4/7/2022 13:07,playstore
e955b29d-5e55-40f6-9cf4-dcdddb7c9100,Game nys bagus tapi banyak yang bug dan kurang P U A N dan M E G A C A N Uwuwww,5/9/2023 6:53,playstore
42aa95e0-8d95-4fdb-9046-8f22b959abe7,"Kapan bikin sekuel,sekalian masukin telur windaw batubara biar rame",3/30/2024 2:15,playstore
f1900e8c-798d-430c-a615-489ba5abaadf,Saya mohon! SOUND ANDA MEMBUAT ORANG INDONESIA TOLOL!,12/16/2020 8:21,playstore
aab2070e-e941-41df-8dde-f62ed229f211,@rahmadhani arjuna 2.. dongeng yang bagus kawant,5/22/2021 11:14,playstore
b400be5c-43c5-4dcb-a48f-b52ef1ab0d0f,Keren game nya melebihi. Epep geming,4/2/2022 11:22,playstore
2400902a-0bf9-4da8-b261-48a21ebd6168,Game burik 8 bit,2/27/2022 12:59,playstore
d770f9ac-ff7b-43da-a86c-a512cd7bbf24,Kasih ultimate bansos ngab,2/16/2023 12:21,playstore
25e836b7-d7c7-424c-a15d-63fabe63fa88,Jelek Game bocil😒😏,7/7/2021 4:00,playstore
658d7873-9395-4d50-8ca9-8e172eb58217,"Game gajelas, scam!!!!",7/7/2022 14:32,playstore
afb778ef-484e-4d8d-b075-d029786b9bfe,Game sangad seru sangad mengayonima sangat seru ci3ggg ayonigga😅☝️☝️🥶🥶🥶🥶!?!?!?!,4/22/2022 8:26,playstore
b9f44d49-31fb-40e7-acdc-e69a5b9197f8,geme nya. agus,5/7/2021 8:58,playstore
40a80782-243f-4f9d-8df7-a410a85daa4a,Bagus bamget game nya!♡,2/26/2022 16:00,playstore
ee66b7fc-dd40-4835-9717-0514dfaea70a,Nice idea. Good game!,6/1/2021 7:43,playstore
e3b46d28-bd9c-44fb-a361-4f7c5273e660,"Lumayan Dahh Game ni Bguss Bgttt ,😲",4/28/2022 4:49,playstore
66528e77-8b7a-4715-9b2c-3145ecbd2e2f,Tambahin Soeharto Banh 😅☝️,4/14/2022 12:20,playstore
0d9bd20b-acaf-4cd4-b258-b3476999c705,Funny funny funny meme So cringe because this game.......,3/13/2022 17:54,playstore
6393c63a-170e-41d4-ba2e-ca46c3189582,Bng gua dh tamatin gamenya tambahin lagi levelnya,6/25/2022 4:50,playstore
bf03e35d-1770-4f27-b437-6b5c00a73aa1,matap bos lawan nya pemuda Pancasila Makan redang,2/15/2022 23:26,playstore
bca10649-19c2-4d27-9e43-9758682c415a,untung pak presiden ga baperan🗿,2/9/2022 14:41,playstore
1b6cd720-77a8-4ee6-8e64-ba7156457f41,jokowi in big 2025 ❤💯❤️‍🩹❤️‍🔥 🔥🔥🔥🔥,8/9/2025 11:57,playstore
4a1858ae-53db-4674-bc9f-51ad058b7a8a,Bagus. Saran saya tambahin Soeharto dan D.N. Aidit,8/8/2020 11:09,playstore
7ccda6b3-986d-4a2b-9b5d-9eb95373bdeb,So baksooo timg timng timng bakso baksoooooo,4/28/2022 4:29,playstore
04c728ca-f5af-434a-8de1-c4752bf8d4eb,Terus berkarya min 😊☺️😊,8/20/2022 16:32,playstore
76a166eb-80d2-4a0e-a07f-8ea7042570ea,Owi Bi Lek:Woahh Kagett... Kagett,8/8/2021 12:31,playstore
6610077c-c5af-48f4-bba5-e24a27da01f2,JOKOWI ANJING..!!!!,2/11/2020 6:42,playstore
4b9c9f3e-8d42-4158-b07a-6eeadc7a3bd4,Meunang panyieun aing yeuh!!!,6/5/2021 13:00,playstore
67574a08-5302-4e97-9e05-feb8e6fccfcc,Mantap kita harus support developer Indonesia!!,4/17/2021 14:27,playstore
295306ca-06dc-4820-a7d0-92eaa70e569f,Manteb nih game slur:),1/3/2020 11:00,playstore
86f49e91-8fb4-4b4d-ae98-28cb7740a8a9,sangat2 menantang adrenalin dan membuat birahiku bergetar2💦💦,7/6/2025 3:27,playstore
37d992b6-0153-442d-b6f7-94b67c40118d,innanillahi wainailahi rajiun,1/6/2020 21:55,playstore
e8843702-426b-4201-a9ea-6e823e50499a,Cara ngasih ulasan gimana ngab?,5/24/2021 10:03,playstore
f77791ec-2dde-4f4d-af65-d51001eec460,AINKK ZEEEBER MHANK MHENK MHONK :V,1/5/2020 9:09,playstore
013a2144-554e-449a-a8aa-7a87c12ae82f,Tydack ramah🗿,3/14/2022 3:46,playstore
6cdd0c3d-ee5a-4b6c-88fe-90af1ad578e9,Ptk ni gme,11/17/2020 13:33,playstore
95652c20-c5eb-479c-b0a3-3395f8d6f85a,burikkk wkkwkwkwkwkk tid,10/11/2021 7:17,playstore
1139f11b-1e93-426b-a76b-e544189d54d6,Game nya bagus,7/31/2021 1:46,playstore
6cef6599-c0b4-4346-ab40-e36c7db75e84,Bansos woe mne,12/7/2021 13:08,playstore
f117be9c-e260-4995-ab3c-baffcb4134d2,Jo count tall,7/31/2022 16:07,playstore
4cf9c3c3-c2e0-48b2-9494-cc553349362d,"Game an😬✓""'®",4/25/2022 12:42,playstore
94fd0ecc-c2e9-4ad7-a5d2-280f01df4441,Bagus.. Lumayan,9/13/2020 8:00,playstore
d5788e64-7318-4622-80f0-548b31b3bafe,keren bet pakdenya,8/4/2021 0:00,playstore
dcc0ab7b-ccd2-470a-a024-d466ad45429d,Tambahin fitur planga plongo 😮,1/4/2020 4:47,playstore
65499613-1ac9-4ba3-9da7-0c67ef621832,Game nya bagusssssss betttttt😱😱😱😱😱😱 sangat uwwowoowowoww😱😱😱😱🗿,6/15/2022 14:10,playstore
7230ed50-ec74-43b6-9bff-c3d2a176c588,Ya lordd.. game apa lagi ini😭😭😭,8/8/2020 15:22,playstore
fa0c5ac3-4d9a-445f-9eec-82ac164ea3f0,Game bagus sekali heppy bady thanks yuo,8/6/2021 12:33,playstore
bd132481-7882-4dff-9c3f-7acdd6eec9a3,GG SIH BUATAN INDO GAME NYA SERU,8/31/2021 13:17,playstore
3ca210eb-ba57-495b-8e2c-2728a42471a0,TAMBAHIN ISTRINYA PAK JOKOWI👍,4/22/2021 2:50,playstore
6d66aa00-0973-467e-9d46-bc67a54bb6c6,Game apa ini dawg 💀🙏,7/19/2025 9:15,playstore
d5e90e1d-621b-4baa-aea9-a2481e83f2ce,Mantap!!!!!!!!!!!!!!!!!!!!!!!!!!!!!!!!!!!!!!!!!!!!!!!!!!!!!!!!!!!!!!!!!!!!!!!!!!!!!!!!!!!!!!!!!!!!!!!!!!!!!!!!!!!!!!!!!!!!!!!!!!!!!!!!!!!!!!!!!!!!!!!!!!!!!!!!!!!!!!!!!!!!!!!!!!!!!!!!!!!!!!!!!!!!!!!!!!!!!!!!!!!!!!!!!!!!!!!!!!!!!!!!!!!!!!!!!!!!!!!!!!!!!!!!!!!!!!!!!!!!!!!!!!!!!!!!!!!!!!!!!!!!!!!!!!!!!!!!!!!!!!!!!!!!!!!!!!!!!!!!!!!!!!!!!!!!!!!!!!!!!!!!!!!!!!!!!!!!!!!!!!!!!!!!!!!!!!!!!!!!!!!!!!!!!!!!!!!!!!!!!!!!!!!!!!!!!!!!!!!!!!!!!!!!!!!!!!!!!!!!!!!!!!!!!!!!!!!!!!!!!!!!!!!!!!!!!!!!!!!!!!!!!!!!banget,10/31/2021 14:44,playstore
9e3b85ed-e0b2-4b22-85a7-897466ce54e4,Mau coba😄,12/15/2021 15:53,playstore
17de7985-dfa3-4ad0-bacd-e4e511f74c38,Lu blm diciduk kan?,11/10/2021 8:59,playstore
8d703b02-fbe7-4e66-8690-dc1eca469a9a,Jokowi Unlimited Periode!!!!!!!!!!!!!!!!!!!!!!!!!!!!!!!!!!!!!!!!!!!!!!!!!!!!!!!!!!!!!!!!!!!!!!!!!!!!!!!!!!!!!!!!!!!!!!!!!!!!!!!!!!!!!!!!!!!!!!!!!!!!!!!!!!!!!!,7/5/2021 13:44,playstore
6c10517b-da20-463c-8067-dd7a92b84596,keren bg 🗿👍,9/11/2022 6:31,playstore
9ae8e08b-3c5b-4dd3-b198-880b4f49a960,Game nya keren bismillah bansos,2/28/2022 9:21,playstore
de3fc018-eea0-4e49-a6b1-4ef8178729b2,Game e uapik aku seneng,1/6/2020 10:39,playstore
82b83598-6be1-43c6-beca-2caac74c7be6,I came for copper but i found gold,6/28/2021 9:52,playstore
f6019ed2-fba9-4157-b25a-370de4a98ec0,Bintang lima🗿🙏,4/26/2022 2:16,playstore
78c6cd19-632b-4dd2-a646-a0ec7d8160dd,Sangat keren😎👌,6/21/2021 5:56,playstore
09ce69b4-445f-4212-ac1f-48e40bc98400,Auto cyduk :v,1/5/2020 5:30,playstore
80dfa59a-64b9-45ff-a977-bf76ade4e321,Samngat keren🗿👍,12/30/2021 14:56,playstore
0b8a28db-4f6f-49fd-abda-0389286b6911,Game ngokokk amat😭😂😂😂😂😂,7/24/2021 1:06,playstore
50936eb3-54e1-4489-abad-5c01b721d000,game upon upon mahal mendinh ini,7/24/2025 9:38,playstore
1fa3f4b3-5a76-4ed9-8bff-004ad5f1ddbf,Good job...!!,7/15/2021 1:54,playstore
f104144e-0295-4373-bb26-ea17e308cd9d,Seru,10/17/2022 12:33,playstore
40e7e54c-f2f5-43ba-8909-2a49bdb5d7ce,Keren,4/22/2022 2:07,playstore
bd382f50-6a9c-4609-af8b-02555fee31a6,Wiwi,8/5/2021 10:17,playstore
adde68e5-2248-41e1-bfc0-45b08abcfa58,Kocak,9/3/2022 9:05,playstore
0b4a4471-d764-4ef9-9bdd-81d9713e9a04,gege geming ga gaes,1/18/2022 14:12,playstore
8e2efca9-d3e0-4d97-a9ea-c85da3ca8f8f,Adain fitur pvp plsss,8/26/2020 17:18,playstore
f7aff7b5-d8e7-4104-a31a-bc5b304897f3,Game nga gk seu,12/30/2021 3:32,playstore
909c1398-c6a1-41d4-b954-55e87ef709b8,Aku kasih bintang 5,3/12/2022 12:32,playstore
d4dbf343-bdcf-4de2-97c1-f401b00edb72,Ngab owi no counter,6/5/2022 5:49,playstore
2c534a06-0330-4794-b9b3-29eaeb6b2764,game nya molyono jir,1/5/2026 13:32,playstore
37799268-2e5a-4792-adf2-113ba14a93e4,Gem nya jelek anj,6/21/2021 11:38,playstore
c61f7dc3-e6c3-43a1-8994-f5ac3007528c,Anjayy game jokowi awokawok,4/25/2022 6:30,playstore
13c70878-733a-462e-851b-867b746b36e7,bintang 5 ajig lah,7/31/2022 15:54,playstore
ec58511b-3fac-456a-b97f-10d521c60a43,Ni offline apa online nii,10/10/2021 6:24,playstore
767b81d4-d51c-42aa-81dd-1bfd628f80a6,Gk ada fitur seks,7/30/2024 5:14,playstore
53a5c547-7c71-411c-90ba-c6ab805e2ecc,Sip banget,1/27/2022 13:29,playstore
d8590ddd-4402-4193-b7de-556e822301e4,Dah lah,6/23/2021 1:42,playstore
4b7227f1-c985-416c-a53b-d8129eab5018,Coba dulu,9/26/2021 6:05,playstore
ef84549c-e429-48d8-b6cb-93d6a521e6b2,Gpp sih,2/5/2023 6:49,playstore
bf01ad2c-d771-499c-a8a2-ad3df5132828,sangat bagus,3/20/2021 0:48,playstore
d3cde8a7-eebe-4c34-a607-aeb5a5f4701a,hidup jokowiiiiiii,4/22/2026 8:31,playstore
6040f8e7-6744-47ed-8cb8-e86d47a6be9a,So bakso,12/29/2022 13:56,playstore
a574867f-c09b-40a4-9c11-b2c957449c75,Jokowi tarung,11/2/2021 1:43,playstore
a345cf57-f08c-4a07-ba52-4430db45855e,",.,.,., :;:;,..,...,.,,,.",5/14/2022 2:37,playstore
b8d48566-79bf-4642-a1f6-1c3fbc7ca368,Kontrol jelek,1/11/2020 11:09,playstore
9268680b-5905-4c04-a36c-35dbec88aa9a,Geme x bagus 🤣🤣🤣🤣🤣🤣😜😜,11/3/2021 11:52,playstore
d4b00da7-e6d9-4424-9c4f-f01072312fa6,Ok,1/16/2022 15:14,playstore
758ad712-2d77-4acc-81df-cbc177b05c68,cihuyyyy,4/29/2026 16:56,playstore
3f4e66a9-7b91-417f-9472-f8ef50a2766b,Lumayan,1/26/2023 10:29,playstore
c6f60eed-5850-455f-9a96-f6a1c4f5c565,Lumayan,11/7/2021 16:56,playstore
c00103a5-d1bd-4a48-a02f-db578dc7b6e3,Haha,1/19/2020 10:46,playstore
68c94001-89c8-4c34-ad20-61c684e7c1bd,Lumayan,4/30/2022 23:44,playstore
b2a2294e-8184-4534-83c5-5811da36648d,Ngab owi 🗿,12/31/2021 2:17,playstore
75a05dbb-db45-4e6e-82cc-155c675e1101,:-D,1/26/2020 10:20,playstore
6d19f166-92fe-4819-9d40-ab33f1871318,Bagus👍😍😊,1/15/2022 23:35,playstore
b2cc41e7-d83d-4d34-981d-d9dc8fb9c099,Mantap boy🤙,10/6/2021 5:36,playstore
dc841821-19c2-4365-b8cc-7fa965fabc5d,JAWAB WOI 🗿,6/18/2021 10:58,playstore
e60561c6-0cac-4869-b5fc-dec88acd51ae,Anjay😂,2/13/2022 6:20,playstore
f20b8f6e-1884-46cd-9f94-c19a21caca1b,M..,10/29/2021 13:11,playstore
ef797139-b106-4720-b42a-fd85e5ab404b,auah gelap 🤣,9/23/2022 12:39,playstore
79aec92b-d303-43a4-a791-63c568cb5803,Jokowi😁😅,8/12/2022 3:35,playstore
f6db8aeb-c7bc-46eb-9298-f49c16b3f896,So bakso...,12/16/2021 13:24,playstore
ce0ff5be-2c53-4c39-b2cd-dd10cd7b5ad4,MANTAP!!!!!,7/8/2021 7:37,playstore
c7f77332-57f2-4cf9-a33d-7aa4ea8cfa41,Aman bro😂,10/28/2021 8:38,playstore
6d87f23d-5e28-4a93-b3ba-bccc42c1f69f,Keren brohhh😎😎,4/29/2022 14:53,playstore
f01ab190-a8ee-4ad2-aeaf-b80844cb3c5a,Coba lah😂😂,12/17/2021 8:50,playstore
e787b991-6196-4f66-9144-671f525b3884,Owi 3periode🤟,5/17/2022 1:28,playstore
b6de9a4c-63f5-42e2-964b-67b827d2a653,Jokowi 😚😗☺😉,11/29/2021 8:22,playstore
82901ddd-59e3-403c-8ee0-e10e365afab8,Haha 🤩😂,6/24/2021 16:07,playstore
48e371dd-0756-4b7b-b9e4-729cbdda14b6,Dambiutesma,3/1/2021 1:47,playstore
8483414c-abeb-41a9-bc9f-75e1a2600ba1,Asu,2/17/2021 14:06,playstore
d9b278bb-0afd-4bc8-ae9c-cf34a3e6b732,JOKOWIGAME,7/10/2021 12:14,playstore
75069b81-2ac5-4c1a-b2e5-9c691e67e7d9,"keren, awokawkokwok",7/16/2024 16:41,playstore
453008b0-0408-4d22-b4f3-38f1eb02593b,Sangat mantap🥵,10/29/2021 13:36,playstore
bbc164f0-70d0-4ef5-9756-b76ae087e35b,Penghianatan 😂😂😂,11/4/2020 11:55,playstore
d22cf966-df6e-4a49-a9b0-1449bc7127d9,Ahoknya bengak,9/7/2024 15:57,playstore
1e6965c8-0029-4b8a-af15-7aa6a442bd0d,Ayan gileee,8/5/2021 4:50,playstore
3f576d38-b93c-4687-8cc4-91c300286c1d,Hasil tiktok,11/9/2021 16:11,playstore
83ccce0e-9334-4997-9bdd-2aa9d8abb972,G ada apa,4/15/2021 23:52,playstore
68844e6a-1a21-4a05-b697-f8d61e8c6d8e,Gajelas jokowinya,1/30/2023 6:05,playstore
aee3a870-4700-45e6-89f3-173e9110db57,Sulit anying,7/14/2022 17:20,playstore
c73afb84-36ff-4c47-ab96-86dcba69c500,Game tai,6/30/2022 3:24,playstore
a735a921-4231-4b25-b199-d0d8b1c21336,game tai,6/4/2022 14:08,playstore
3915aeb4-c609-4f90-96d3-470acf13fe47,Game bodoh,6/21/2021 11:32,playstore
97852299-9c0e-4c46-a928-7a7fcafc0788,Boneka Banteng,8/3/2021 3:22,playstore
e8d04794-f545-4ebe-813e-f9b58f540de2,Game pepek,2/13/2024 8:41,playstore
e92cae24-8b3c-4bda-a971-e59864c23439,Ga suka,12/7/2021 21:31,playstore
02209f21-c878-46ac-b73e-b0769ff0cb66,game aneh,8/22/2025 12:28,playstore
c7df03d9-241d-4215-aecb-22cbbcf65c07,suka bangetttt !,6/8/2021 7:32,playstore
da6bb057-7a3c-4109-b0d7-4f7cb470a6a6,Tap🎭🗡️📳,4/16/2022 9:40,playstore
b49745da-bc3c-4ec6-9491-e97c16505cb6,So bakso ting ting ting so bakso,7/10/2021 4:49,playstore
6c3ca521-f29f-4da6-beca-d0ad49d70ef9,Game tolo*,5/28/2022 14:28,playstore
da6fed0c-517b-4787-a61e-8f8ac1aafbee,Susa😤😤😤,9/9/2021 8:34,playstore
2b1b2d1d-7f0f-49b2-904c-457c81340b72,Pak jokowi 👍👍👍,7/28/2020 7:11,playstore
5dce9165-0553-49d2-9773-0edaff41c933,Ini oplen gak banh,10/2/2021 3:17,playstore
d6909d92-ad86-4abe-a722-794307779b6e,pakde love you,6/5/2021 7:35,playstore
ef873c57-3e69-493a-9c88-cdb2e544a8e5,Game nya bagus,4/22/2021 14:14,playstore
10d72112-f9f1-493e-972d-27cd6a191639,Oc nii gem,2/22/2020 22:38,playstore
9d936814-4e57-44b6-97be-110912a0f091,loss make a car,6/4/2021 14:59,playstore
eb75a0eb-d957-44e9-afb3-8be2d1fe4326,ancrit amat ini game,6/13/2022 16:01,playstore
cfdaa730-16c5-4b62-802f-5adb020f0fa1,Nice game HOEETANK,10/31/2020 12:28,playstore
4c58b10c-714b-4191-a68e-b319fc67db8b,Awoakawok petualangan mulyono,1/23/2025 9:49,playstore
176910cf-7f7b-44fe-be3b-ab50fc7753ee,Apk ini bgus bet,6/23/2021 10:36,playstore
0b385095-69df-44ff-aa1e-e9a627f98f8f,Game meme favorite,10/16/2022 11:01,playstore
3e1eb46a-ef18-4715-a64d-9ab36ac775c6,Ainx Jiber Mhank,8/10/2020 3:40,playstore
6ff841b8-0c90-4ade-be5f-681ad52ffdb1,Req yg GG,6/28/2022 8:50,playstore
d272fbcf-f329-47fc-854b-d84015d2ce9a,Aying th lh,3/6/2021 8:05,playstore
007e4b1f-f33b-4ee9-ba42-cbe0b126d97c,Make a car bruh,1/4/2020 1:23,playstore
edb9f603-d2c7-4937-ba8d-2114aadd5986,wkwk ngakak abis,6/21/2021 5:47,playstore
04ae80f1-142a-427d-b4f8-86cd3b583816,LORD SAKRON AJG,10/3/2021 5:35,playstore
b674d3ea-05ef-4b05-a59b-c481854ef1a8,Kenen banh semangat banh,2/24/2022 1:22,playstore
36741e2f-5894-45c1-8165-5b7d363231b8,Bugus,1/20/2023 23:47,playstore
aa2fda3f-1262-430c-a097-3e07edc43017,Ripal di,9/5/2021 3:04,playstore
697d50b6-57c2-45f1-a164-423412fefb63,Hangdehh,5/25/2021 3:19,playstore
a82ae36b-bc09-4161-9db7-67a4cfdecbcf,Jelek,5/29/2021 16:49,playstore
bb39eae1-492b-4174-b340-998adae7392c,nyung,2/13/2022 22:35,playstore
c234d0e0-859a-4a31-994f-883a668020e3,burik,4/4/2026 13:12,playstore
18cfea61-515d-4498-84c1-29d575626ff7,Wagu,4/23/2022 4:21,playstore
fd99068b-e628-41d8-a42f-9d2f1443f081,Dewasa,9/20/2020 10:52,playstore
908b5094-7673-4b21-ab74-5555e236bfe3,Tidak ramah,2/22/2022 7:11,playstore
bb64dd8d-add6-4f88-a69c-6fec1cc5c960,Anjai,5/18/2022 21:11,playstore
02041087-8e25-4eec-951f-29a5c55a0e97,pajril,11/18/2024 1:17,playstore
00379a53-cf8e-40c8-97e7-937fc636fb9a,Jelek,11/13/2021 1:53,playstore
422fc6de-8771-423a-8010-91aff4882118,KUNTULLLLLL,8/7/2021 4:00,playstore
82654aa7-b327-4612-a4d2-d2ca9b195114,Go,4/25/2022 10:15,playstore
af6f72ec-0a63-46f2-af68-fbd2849fa898,Ok,10/19/2022 11:06,playstore
3dc5ea34-93c8-4ac1-8e9b-23815fa9d400,jelek,9/22/2022 4:54,playstore
d452f10d-5b64-4df2-8c50-cba227fff723,Bagus,10/31/2021 3:01,playstore
0128450b-6f58-408e-a565-4b1742e700d1,Naudzubillah,3/6/2022 11:22,playstore
77bdfb5d-fbac-4f69-acdb-269aba5f2d1e,Jelek,10/20/2021 4:16,playstore
d803f70b-cdf2-428f-b1cc-95a5e3d62370,Keren!,11/11/2021 5:57,playstore
c0f61a13-0ea2-4285-a58b-8aa96c2bb9f3,Muantap 👍👍👍,7/2/2021 6:26,playstore
3761536b-3f79-4a93-a3c2-9d2a236b4e75,burik,7/28/2025 7:07,playstore
33ae9d3a-277b-4ba7-a9d1-f2c19db7f7b1,Apik,8/24/2022 4:17,playstore
8ba71b09-4f8c-47d3-a893-b1be1bc6e134,Komtolodong,8/6/2022 7:52,playstore
6d755d91-a04a-4294-a9db-1b2297878fd4,jejek,3/10/2025 14:01,playstore
89475b8b-a8ea-49be-87ee-fd8610e37f10,Good,3/17/2022 2:17,playstore
7a79ffd4-ad50-41ea-9277-c29b943de3ae,Mantap,3/9/2021 17:18,playstore
dc6f13a2-1254-4515-9d06-b82ba9569d11,Menarik,7/3/2022 14:23,playstore
f68469a1-cf86-49e8-91c5-d29da9330ae9,Seru,9/9/2021 10:08,playstore
0fdc445e-2bb6-47e8-89e0-3dbe3d0f9ef2,Mantap,10/5/2021 13:15,playstore
ba2e7840-6d10-475c-a617-6707d47f1b52,Bagus,12/22/2022 5:41,playstore
11a33c63-8e41-46ff-b7e9-f1ba3c96a206,mengontol,3/1/2022 8:31,playstore
b031820c-9def-4de1-811f-63ea18ab6719,Pdip,8/3/2021 1:47,playstore
5632f358-36eb-4cdf-b4cc-cf0be2814f25,Mantab,11/16/2021 15:42,playstore
58a9f241-f8d3-45e9-9210-1c33f92e3a68,Baik,8/22/2021 3:41,playstore
94a545fc-6153-4e60-955d-5cbbd24a5529,Topp,7/13/2021 11:02,playstore
46839d68-bf47-41c1-b401-92b73a4e839c,Seru,7/9/2021 1:43,playstore
e80b66e0-ffed-4613-9e83-6c02baf09926,mantab,7/27/2021 7:19,playstore
094d107e-189f-4777-a8b7-af1735d0a9a1,Gublukkkkkkkkk,8/3/2021 13:02,playstore
379e0b08-499c-4364-b1d3-06a0b67b187f,Masaalah,4/22/2022 10:10,playstore
01f7db41-b156-40d6-b70f-198b51062f88,Baik,9/1/2020 10:01,playstore
be871ddb-3e3f-41fe-b616-7d6d7bedc9b1,bagus,3/3/2022 8:00,playstore
ae6fda8e-1dc5-4116-9a30-c0d0217aac9b,Bagus,10/29/2021 11:15,playstore
8f396685-eb70-4807-85f3-57693f251a8b,Bagus,10/28/2021 0:51,playstore
8daa4248-2f07-4f8f-ac0f-f9d9f9ceb2ad,mantap,2/5/2022 1:47,playstore
bbd968f4-bc02-41ea-b395-a62da8beeaa2,Udin,9/2/2021 8:43,playstore
56e24eb3-8052-4f94-9a05-3df1521f548f,jokowiiiiii,8/2/2022 7:22,playstore
d161abe3-4cad-46f5-9262-948b6c0aca4c,Ok,10/20/2021 17:55,playstore
ad7b70e3-8690-4d1d-a776-2e3e5b3baf60,Bgus,2/11/2022 14:26,playstore
873995b6-ea37-4e17-b8a6-2bfcf3abf054,Eoah,4/25/2021 3:05,playstore
a471684f-862c-4d4c-af88-d1c6f7c6b73b,Mantap,11/1/2021 12:54,playstore
1c42edef-7b8d-44bb-ae05-df5eb4d7abc9,mantap,8/13/2020 14:47,playstore
83280a88-65b7-4f0c-aeb9-bf254f354189,Mantappp,7/3/2021 9:41,playstore
14a97783-e318-4401-8eac-f7e605c094db,Alus,6/11/2021 6:13,playstore
dbf9a862-0eae-404b-82fc-0b76aa46a0f8,Mancap,6/12/2021 1:19,playstore
e55eb68f-5547-4a10-8acc-a960c5e69153,Mantap,1/6/2020 8:55,playstore
c4d6b9f4-312a-43b2-9d3c-0a95b519e097,keren,6/18/2021 2:14,playstore
68f50342-ca2e-49ea-9e52-4afdada46208,Keren,8/15/2021 8:08,playstore
f2d780cb-82e5-435d-9873-1c8bd2694d0c,Sela,3/13/2022 4:06,playstore
130ae30d-20f3-43c5-ba38-f9966638c26f,Mantap,10/11/2021 23:10,playstore
b21ee7e3-0914-431c-9ecf-a6d8715b7442,Bagus,2/2/2020 0:12,playstore
3216479b-8691-4a48-b920-f577c85d48ad,bagus,12/16/2021 6:19,playstore
587a22fa-ae20-494b-bc3d-e7cc424493c6,mantab,7/13/2022 1:11,playstore
caaa38ac-31c7-48bb-ad2d-e740485ce9b1,Bagus,5/29/2022 23:18,playstore
be68805f-5e91-4fbd-a2d0-d6d7e55a1870,Bagus,12/19/2022 15:28,playstore
e9ced958-8084-4308-9f43-0b40cbaeb2ef,Keren,3/6/2023 9:36,playstore
d8c59a02-effe-445d-866e-35614fd39678,bgus,7/20/2025 13:51,playstore
791505b8-1e73-4502-bc92-c690532e5e37,Kerem,8/19/2022 9:35,playstore
f5028554-56cd-465c-86d4-a38562861272,bagus,7/6/2026 8:30,playstore
1c2888c1-70ca-4820-8d6c-a84f07a4b038,Mantap,6/28/2022 15:46,playstore
d1eb0144-21e3-4641-98ad-c50f60ec80a5,Owi,8/6/2022 2:42,playstore
fce4852a-35a2-4026-8fc2-c28ed8e9c323,Yemete,1/25/2022 8:01,playstore
bcfe8d2b-13a0-4d13-a5a1-8e63f33dd4fd,Hegs,1/22/2023 9:38,playstore
4ccf1c17-f72a-41b2-8fec-ac5cf1ce2c47,Baguss,10/28/2021 13:45,playstore
5aaf0220-ec25-4386-8787-ae6180bc907c,Asik,10/23/2020 3:21,playstore
5cb5409f-9399-4653-a16e-94cc1b554c86,Masuk,9/20/2020 5:07,playstore
6249913f-4816-4575-abc0-bffde43cae36,Bagussss,11/1/2021 7:32,playstore
ab5b5a24-7b27-439b-a0d7-4ad088df69c3,Keren,3/31/2023 7:08,playstore
49b81cae-c345-436a-acec-ad397212126d,Bagus,7/4/2021 4:28,playstore
694f3496-20b9-48de-bf8c-ed5fc8e90243,Bagus,4/15/2022 13:50,playstore
d2acd107-fd65-4dc1-994f-0a1237a72bff,Bagus,7/16/2022 18:29,playstore
8572648e-c66d-47a8-8ed9-91bed89359db,bagus,6/22/2021 11:41,playstore
6e15f2ff-4e81-4f9b-bc05-01d272c76567,Pakde,7/20/2021 13:06,playstore
9e9b567d-4ae8-45ba-aeb4-35e3cbc7dec3,Keren,8/25/2020 1:38,playstore
c62c69ca-73b0-48ef-a83f-d0531fe78e72,Njir,6/29/2022 14:02,playstore
91fa560a-d9c8-4905-b4b5-9053d1b13ead,Bagusssssssssss,9/14/2022 5:45,playstore
7165f40d-3dac-4a45-8443-e16bd2695acd,pmakar,7/3/2021 4:00,playstore
23aee0b6-2559-49dc-a512-e2c0ad2e594a,Mantap,10/29/2021 12:57,playstore
99ee9555-bd77-4fb0-bff9-10eda5dc2170,Bagus,5/24/2024 4:39,playstore
01d5561d-e0e5-44bf-a033-c8b60aa48d11,Ok,7/7/2021 14:07,playstore
0a41f72b-9461-4304-905f-2ecc34e8abf3,Baguss,3/2/2022 13:23,playstore
b4c8bb9a-6454-413c-b99a-f0dc0e4a9e14,Nice,2/17/2025 6:25,playstore
169ce916-a53c-41f0-ad21-8a16b13fca86,Lumayan,1/12/2020 10:15,playstore
17c10ec2-4b1d-443e-85ab-1b86efa5ffe2,Matap,4/20/2022 6:24,playstore
b76203e7-4b5a-400f-be07-c09294ca78be,Seru,4/30/2021 15:44,playstore
0cb5a66f-8ad1-4cfa-b34a-0d4cdd480e82,mantap,3/13/2026 3:29,playstore
d0db7210-47f4-42f4-b836-6f98e9f1ca70,Keren,8/18/2022 15:08,playstore
27f58dfc-914d-4fb7-9598-2f8550dd59ad,Heeh,6/30/2021 2:01,playstore
af7198d7-a36e-4c9e-8a84-bcfe1ecf0c93,Kelazzzzzzzzzzzzz,8/28/2022 11:50,playstore
d98893a8-6f54-43f2-90dc-91c103cc03f0,jokowiooooooy,4/17/2026 6:42,playstore
72530853-5796-4c07-8b80-7ec6dbe48bf7,Keren,6/10/2022 2:25,playstore
0831fb18-1eeb-4bfd-8d84-7e27678d6119,Greget,9/27/2022 3:46,playstore
0b46df21-45f3-4283-8214-8f17f534cfed,Mantap,8/10/2021 1:12,playstore
753081d4-6258-4a20-b9d5-a53d41137c7b,Sahrul,12/4/2021 17:00,playstore
04fdc300-3c5d-4741-9f54-3927c818f156,Mantap,6/28/2021 13:52,playstore
f6ee6559-d9ba-4787-a358-e11141f20031,Keren,11/5/2022 6:49,playstore
ba873bd2-f8d3-43ff-aa6d-121b8056504f,Mantap,8/11/2020 9:41,playstore
27e76c69-07ed-4ad8-941a-397c1096f04b,Nasional,8/14/2020 12:11,playstore
78cf0ba5-3168-4b74-a7a8-f14993b999a7,Mennajukan,3/9/2022 0:19,playstore
df105ad3-b022-479f-b319-9a5849984caf,Keren,5/1/2021 20:27,playstore
969b7102-8678-4c50-b2c6-5335abc9a599,Mboh,8/16/2022 4:03,playstore
4136c28e-0fd9-4f5b-998c-22ee4a183f7e,Keren,3/3/2023 4:25,playstore
ca8a4fa1-bc86-44c2-a056-11b6bb16b7a4,Mantep,8/16/2021 15:04,playstore
82424f1c-26fc-4aea-8a43-3bef7793817e,Mantap,12/31/2021 10:01,playstore
fc012fe8-5477-4210-b719-6d826f62089f,Good,6/24/2021 19:30,playstore
3f4f6189-f1cb-4f0a-95a9-d11b8d866041,Cool,12/7/2021 10:51,playstore
b560a8f5-bd66-42e6-ae3a-20521b64482a,Wed,10/25/2021 3:58,playstore
88acb5cc-4725-4b64-8769-ce19f85dc089,Idola,11/3/2021 18:58,playstore
72f74953-3b8b-4948-891c-c4c786bd2dd5,JOJOOO REFERENCE,1/3/2020 13:07,playstore
f9297230-a501-43b8-9b37-606544f0ce44,Baguslah..,10/7/2020 19:02,playstore
f7ffc5d1-76ea-4687-a1ed-83b18b6124bb,Keren👊,3/27/2023 2:12,playstore
0f59cdc3-7d00-43f1-990a-792216352b3f,Ahog 😱,8/13/2022 7:16,playstore
00802e57-4ca1-415b-bd84-4c595a406bc6,Waduh😅,5/12/2023 2:11,playstore
fac2c992-b425-46a4-ba67-2abdd0dd96e4,SOK BASO BASO,6/20/2021 14:24,playstore
132236df-11e3-41d5-8907-58255c172eb8,Ting Ting tingg,5/30/2021 0:15,playstore
8bfad1e0-d382-4b48-bfc2-1b8d8b6aa0c0,Alus deh alus,8/16/2020 5:17,playstore
d20d90f6-c215-47cc-b77e-8fe03ceeaa45,🤙,10/8/2020 18:44,playstore
6c173f04-9171-484d-bf97-d9c9635833e3,Man😍,9/25/2020 12:24,playstore
f7613e42-b44e-4b34-ad5b-c9a3a61aaea1,Lah😂,6/22/2021 14:41,playstore
bb1a8757-17ea-4a8d-9533-9d976c36839a,😍😍😍,4/2/2023 16:17,playstore
a03b29db-ffd6-4289-85d5-614315674ef4,😍😍😍😍😍😍,4/15/2022 9:39,playstore
1e480dd5-9ea9-4177-b4fb-4b1f71548dcd,And I'm so happy😊😊😊😊😊😊😊,6/5/2022 10:58,playstore
fafb6604-f353-4aec-b5c7-4180b81cfeff,Anjay odol,10/4/2020 1:03,playstore
34ab60de-7056-407f-a579-a0370764f68c,Aman bang,6/25/2021 1:52,playstore
e9dacee3-3b18-454d-b525-ff5b176b73e2,Sangat keren,10/28/2021 5:30,playstore
0f44469d-4a85-4e51-9514-3b47c1ee0e0f,Bgus gays,12/29/2020 14:19,playstore
02097f02-0cdd-452b-92a6-6469239837fe,Make a car,4/30/2021 14:23,playstore
4488c0e1-b5e5-439f-b67f-390ab851a880,KEREN ABISZ,2/16/2022 7:00,playstore
5de1b56c-e7df-4673-91f8-2c9ec2643a5f,Sangat recommended,1/24/2021 11:24,playstore
0ba59cd3-f977-4fdb-8cd1-d2ae0241c954,Sok bakso,6/13/2021 5:29,playstore
8732e3cf-42df-4288-a3b4-5a9c40d34904,bagus bangat,1/30/2026 11:25,playstore
da3f5490-1768-4966-a8a7-58c2758a4e39,Ancrit betul,4/25/2022 13:36,playstore
d1bf31a0-2d6c-4ac4-a4f6-1dbb410db3dd,Game Nyamantep,9/9/2020 0:28,playstore
f0e6df11-48a3-4885-a9a4-42501d8893d6,Bintang 5,9/16/2022 14:30,playstore
9a302523-ba09-4efe-83ec-ce070916c6db,heronya overpower,7/2/2025 5:23,playstore
56366e17-bab9-499b-85c9-062a7d1f5f19,Koh kasbon,7/26/2021 5:17,playstore
7f54b63c-a1d5-43eb-8684-3f4817d3b72b,Nice game,6/26/2021 1:40,playstore
6d55f758-f7be-4aaa-b78d-d6bac0a15a39,Pantau trus,8/4/2021 5:27,playstore
b680568f-1098-48fd-a3b9-e6e3fff7fe00,Wadoo makar,1/4/2020 0:03,playstore
bfd22781-b2e1-45b0-b71e-5d3b8d10c03f,Sangat bagusss,10/5/2020 8:09,playstore
33380f93-1c80-42fd-a6c3-5588b14cf443,Keren coy,10/27/2021 22:43,playstore
641a40cf-3104-47b1-bd8f-3b1623108787,susah bgt,11/4/2022 1:29,playstore
097b6e40-cd69-4acb-b77a-2f621907f6f9,Sangat inspiratif,8/11/2022 0:39,playstore
2d367cf9-df81-4499-b332-113173c1d8d1,Mungkin bagus,9/4/2021 7:13,playstore
bb25ccab-145b-43af-a5f2-dbe18e1b8665,Coba dullu,7/23/2021 2:45,playstore
dd0e9f59-663e-4089-8d8f-0043c448892c,Bang joko,11/14/2021 5:27,playstore
96166d63-3845-4b48-9e05-19dc6926e2e6,Semangat bang,6/25/2021 3:02,playstore
396e2c91-f60a-4a1b-be93-d4bf28f9a2df,Kamu nanya,2/4/2023 12:07,playstore
36956c12-1d25-4979-88bd-86ff925a7e39,Bagus banget,2/11/2022 20:33,playstore
56430472-9889-4f18-b786-30ece006014f,Pmakar handal,5/20/2021 21:58,playstore
c81da9c4-374a-4100-a585-b45480c0dbaa,Mantap seru,9/13/2021 17:27,playstore
a701b5ce-828b-4b66-925b-d5fd4c564a5a,K o n t o l,5/25/2021 7:52,playstore
8c1199c2-8948-46ce-8c64-834477fff708,Enk Kali,5/4/2021 13:14,playstore
855b5a73-56b8-4966-8bec-09d48d9ad5bb,Seru blok,6/20/2021 3:34,playstore
89ef0b55-36a2-4c23-91e7-b52e00098ee6,Bagus banget,8/1/2022 15:04,playstore
56dbb3e1-564e-46e1-8206-2f9770053877,Bagus sih,12/25/2021 8:31,playstore
ba772f7c-f379-440e-aa83-306580ceb92a,FBI Dsini,1/15/2023 9:04,playstore
0059fb66-c542-4d4b-89b1-f6815c04ccf5,Oke bagus,10/30/2021 13:49,playstore
222002ef-7d97-4c2b-8407-295208fbe849,bah mantap,11/6/2021 5:59,playstore
77c0b193-9121-429a-9bc3-ed3b84811024,B ajh,1/17/2023 4:32,playstore
3cf076a0-950b-4065-9de4-b2c175158fa2,Rill cuy,7/16/2022 1:37,playstore
5a7f4eb5-19e3-4363-85ea-ff50b5c20609,Cebong lagi,1/6/2020 8:12,playstore
03f42d85-fb73-4e37-b6fe-915fe70f34a5,Seru banget,6/23/2021 1:59,playstore
6294b313-7c69-4c12-8a48-4e9b4afab327,Make a car,12/11/2020 13:38,playstore
7388e025-ef4a-4f05-bfd5-2aa555985fd2,lumayan bagus,1/7/2022 7:48,playstore
f51fa241-7224-4ec2-8b7b-73dd9b369096,Game Burik,8/22/2021 12:44,playstore
2a735a1b-cafb-404e-ba70-c7ba0a842a07,Bagus banget,5/3/2021 8:35,playstore
552b5a67-0b91-4e1c-8bdb-2d148d941080,So bakso,3/22/2022 6:22,playstore
4cf63e32-d889-4b45-9b3d-7d6fa8104216,Game bagus,4/20/2022 13:32,playstore
e7d51ea8-bba2-4d57-8e7b-6b7afad5c910,Sangat baik,10/13/2020 12:45,playstore
46b7f557-d4c1-4bea-b879-067ad947585a,Nice game,5/29/2021 13:39,playstore
63cda54a-f6d2-41ca-afb3-0754976ae721,Hulu ruksak,8/6/2022 8:48,playstore
006a2ebd-42a1-413c-b425-47191d8bf2bd,keren banget,10/28/2021 8:38,playstore
2f0d731f-0ed5-48ad-b981-e7bf79e88403,Buset pmakar,5/25/2021 4:17,playstore
a4dee956-651f-4fb6-898f-833724527142,Coba dulu,7/2/2021 12:25,playstore
e340b06e-00a2-4e8d-8ed6-5b10ca04a490,Wkwkwk JOKOWI,2/16/2022 13:06,playstore
341638fe-10d7-4148-97a6-8a7d12a343a2,Wow kemren,1/5/2022 7:10,playstore
3e9cedcb-9f99-43f6-9441-43d410c358a2,hidup jokowiiiii,7/19/2025 11:29,playstore
67dce41a-39a5-4ded-bfa0-30a1c77ddcd7,Game bagus,12/10/2020 3:27,playstore
b378fc35-f539-4752-b5bd-2173873fe7cc,biasa aja,5/15/2026 12:47,playstore
4ce863e5-11bf-4bed-92b4-0d14676ef70c,Wayan pandu,8/6/2021 14:38,playstore
c872392d-3271-4aa9-8532-bbdfae3e5fcd,Mantap semangat,12/6/2022 7:49,playstore
f7f914d9-0aa7-417f-9adb-96509d95895d,SO BAKSO,7/13/2021 6:22,playstore
26b60a4f-31d3-4ad8-8482-171f7b2b54bb,amazing game,10/29/2021 15:42,playstore
f547986b-3c17-4582-ba11-09e28a535ac0,sangat keren,8/14/2025 7:08,playstore
f96614e4-2b68-46ab-8d8f-eda9a5ad6bee,Gg slur,6/21/2021 9:34,playstore
c0372a8f-b1c4-4b00-94ce-2fdc62746382,good game,2/21/2026 15:31,playstore
e5e4f277-cf7d-492b-8958-9f0558c601f0,Mantap amjay,8/12/2020 14:46,playstore
c62dc386-085e-4e44-95f9-8b6054a56399,game bagus,12/29/2021 4:43,playstore
c4fe1b8d-b441-47b6-aada-48b06997f31c,Mantap jiwa,1/9/2020 13:10,playstore
b932538e-ed7d-40b0-8ac0-62512aff5265,semangat pakde,2/4/2023 8:17,playstore
7ebd1927-71cb-4817-93ae-20f00de7cdab,Mantap tot,8/7/2020 17:46,playstore
2ef0803d-e373-480e-b0eb-61badacc72b4,Game bagus,7/24/2022 3:55,playstore
c553ac5e-5cce-40aa-b3f1-887dcb870d04,Rill cuy,6/3/2022 9:20,playstore
cc5ce8d8-0270-4eca-a996-f9d8bcfa68d3,yes epribadeh,6/10/2021 9:27,playstore
fe6251b3-482d-42fb-bc73-634b03a830d6,Ok dah,3/31/2023 18:19,playstore
c040850b-05b0-459e-a903-2547c437f5ac,mantap man,7/4/2025 15:21,playstore
79c2a944-6544-42f3-815a-5ca7227e2427,Aku suka,6/29/2024 17:25,playstore
5ee9c516-0565-4440-8e7c-e3155716d0de,Ngeri anjir,5/27/2021 11:34,playstore
79bb4946-5704-4914-93d5-dfbb3cdcb8a4,OKE Punya,2/17/2022 10:22,playstore
a09a1a11-da12-4423-9dd6-0b8b748755b9,Jokowi kaget,10/13/2021 12:58,playstore
3c159ebf-9459-46e3-9148-32337e328400,hidup jokowiiiiii,12/16/2025 0:37,playstore
0b42d540-9002-4269-a3c1-4059879943ce,Mantap slur,6/25/2021 13:59,playstore
133d2186-27a0-4682-a279-53a2e3ef5bb9,kurang satir,4/26/2022 9:31,playstore
6d5fc41b-f9c6-4e3c-841b-4a5874f99273,🇮🇩🇮🇩🇮🇩,10/30/2021 14:15,playstore
1f61a1fe-da79-48f8-9547-da95a0385edf,🙂👌,2/14/2022 3:17,playstore
5ee3cc72-e259-48ca-9222-f1addc5a59c7,🗿👍,10/13/2021 16:41,playstore
2d7381d6-dfb2-4451-82e7-08e7e91dc520,😄😄,1/6/2020 23:08,playstore
e5f90460-04e9-4fdd-92eb-91e7a2df5456,👻👻👻👻👻👻,7/7/2022 8:07,playstore
33f08a68-ff5b-42d6-b7ed-a2e90b0fbc94,😂😂😂😂😂😂,4/11/2021 2:06,playstore
a54f9a1b-8767-4059-b190-91eb60b56002,🗿,2/14/2022 11:00,playstore
64f9683b-d7c7-471d-be32-7f84f19e22a7,😁,10/25/2021 3:15,playstore
28861e10-b3e9-4b30-88f0-808b6cfb8ae1,👍,6/21/2021 2:49,playstore
e816baa1-0b0a-43fa-878f-523308d5dd0b,👍👍👍👍👍,9/1/2021 1:04,playstore
4bbf6525-9057-4973-b3ba-c34ad8bfe227,🗿,4/25/2022 11:52,playstore
9b1f013e-dc44-4ae5-aaf1-d2585255e1e1,🤩,12/2/2021 11:01,playstore
cf989462-1c2f-4c27-bf12-9dadb7b2ddcb,😎,9/17/2022 17:01,playstore
de92ee45-110f-4264-9a5c-1bece0209383,👍👍,1/2/2022 10:08,playstore
bc556a61-5591-4f85-a1ef-0b2b8c724ad3,👌,9/17/2022 13:31,playstore
a523635a-9475-44dd-afb0-f13af8c7fe40,🗿,2/14/2022 0:09,playstore
579e6e34-5a00-446f-a99f-03f81f2264b3,👍🏾👍🏾👍👍👍👍👍👍👍👍👍👍👍👍👍👍👍👍👍👍👍👍,4/24/2021 11:48,playstore
994cb3af-6268-430b-83e8-7fd37ec76873,Aku ❤❤❤❤,11/27/2021 23:48,playstore
5e9c93a8-748c-47ff-9d64-9aab3f707f0f,🗿,3/20/2022 12:18,playstore
